Time (min),clk,CLK,cry,CRY,cwo,CWO,CYC/CLK,pdp1,PDP1,PER,per,PER/TIM-p,TIM,tim,VRI,vri,
0,3,2,100,38,1,0,5,8,23,4,2,8,7,4,13,2,
11.1, , , , , , ,6, , , , , , , , , ,
12.96, , , , , , , , , , ,3, , , , , ,
16.92, , , , , , , , , , , , , , , ,3,
17.3, , , , , , , ,9, , , , , , , , ,
23.6, , , , ,2, ,7, , , , , , ,5, , ,
24.48, , , , , , , , , , ,4, , , , , ,
32.14, , , , , , , ,10, , , , , , , ,4,
36.64, , , , , , , , , , ,5, , , , , ,
37.92, , , , , , ,8, , , , , , , , , ,
42.68, , , , , , , , ,24, , , , , , , ,
43.6, , , , , , , , , , , , ,8,6, , ,
45, , , , , ,1, ,11, , , , , , , , ,
47.88, , , , , , , , , , , , , , , ,5,
50.5, , , , , , , , , , ,6, , , , , ,
52.6,4, , , , , , , , , , , , , , , ,
54, , , , ,3, , , , , , , , , , , ,
54.68, , , , , , ,9, , , , , , , , , ,
58.24, , , , , , , ,12, , , , , , , , ,
59.4, , , , , , , , , , , , , , ,14, ,
62.13, , , , , , , , , , , , , , , ,6,
62.78, , , , , , , , , , ,7, , , , , ,
64.2, , , , , , , , ,25, , , ,9,7, , ,
72.04, , , , , , , ,13, , , , , , , , ,
75.14, , , , , , ,10, , ,5,8, , , , ,7,
80, , , , ,4,2, , , , , , , , , , ,
82.08, , , , , , , , ,26, , , , , , , ,
85.8, , , , , , , , , , , , ,10,8, , ,
86.962, , , , , , , ,14, , , , , , , , ,
89.286, , , , , , , , , , , , , , ,15, ,
89.9, , , , , , , , , , ,9, , , , , ,
90.98, , , , , , , , , , , , , , , ,8,
97.52, , , , , , , , ,27, , , , , , , ,
100.28, , , , , , ,11,15, , , , , , , , ,
103.234, , , , , , , , , , ,10, , , , , ,
103.8, ,3, ,39, , , , , , , , , , , , ,
105.12,5, , , , , , , , , , , , , , , ,
105.3, , , , , , , , , , , , ,11,9, , ,
105.522, , , , , , , , , , , , , , , ,9,
109.052, , , , , , , , , , , , , , ,16, ,
110.32, , , , ,5,3,12, , , , , , , , , ,
111.12, , , , , , , , ,28, , , , , , , ,
113.76, , , , , , , ,16, , , , , , , , ,
118.152, , , , , , , , , , ,11, , , , , ,
120.1, , , , , , , , , , , , , , , ,10,
121.604, , , , , , ,13, , , , , , , , , ,
121.88, , , , , , , , , ,6, , , , , , ,
122.52, , , , , , , , , , , , ,12,10, , ,
123.28, , , , , , , , ,29, , , , , , , ,
125.774, , , , , , , ,17, , , , , , , , ,
126.14, , , , , , , , , , , , , , ,17, ,
131.638, , , , , , , , , , ,12, , , , , ,
133.92, , , , , , , , , , , , , , , ,11,
134.18, , , , , , ,14, , , , , , , , , ,
134.504, , , , , , , , ,30, , , , , , , ,
136.036, , , , , , , ,18, , , , , , , , ,
138.442, , , , , , , , , , , , ,13,11, , ,
139.784, , , , ,6,4, , , , , , , , , , ,
141.54, , , , , , , , , , , , , , ,18, ,
144.14, , , , , , , , ,31, , , , , , , ,
146.32, , , , , , , , , , ,13, , , , , ,
147.48, , , , , , , , , , , , , , , ,12,
148.73, , , , , , ,15,19, , , , , , , , ,
152.58, , , , , , , , , , , , ,14, , , ,
153.28,6, , , , , , , ,32, , , , , , , ,
154.78, , , , , , , , , , , , , ,12, , ,
155.482, , , , , , , , , , , , , , ,19, ,
159.84, , , , , , , ,20, ,7,14,9, , , , ,
160.546, , , , , , , , , , , , , , , ,13,
161.72, , , , , , , , ,33, , , , , , , ,
165.22, , , , , , , , , , , , ,15, , , ,
168.142, , , , , , , , , , , , , , ,20, ,
170.674, , , , , , , , ,34, , , , , , , ,
171.36, , , , , , , ,21, , , , , , , , ,
171.66, , , , , , , , , , , , , ,13, , ,
173, , , , ,7,5,16, , , ,15, , , , ,14,
173.206, ,4, , , , , , , , , , , , , , ,
176.62, , , , , , , , , , , , ,16, , , ,
178.7, , , , , , , , ,35, , , , , , , ,
179.56, , , , , , , , , , , , , , ,21, ,
182.88, , , , , , ,17,22, , , , , , , , ,
185.022, , , , , , , , , , , , , , , ,15,
186.32, , , , , , , , ,36, ,16, , , , , ,
187.1, , , , , , , , , , , , ,17,14, , ,
190.22, , ,99, , , , , , , , , , , ,22, ,
191.12, , , , , , , , , ,8, , , , , , ,
192.618, , , , , , , , , , , ,10, , , , ,
193.762, , ,98, , , , ,23,37, , , , , , , ,
197.362, , ,97, , , ,18, , , , , , , , ,16,
197.76, , , , , , , , , , ,17, , , , , ,
198.96, , , , , , , , , , , , ,18, , , ,
200.16, , , , , , , , , , , , , , ,23, ,
200.962, , , , , , , , ,38, , , , , , , ,
201.32, , ,96, , , , , , , , , , ,15, , ,
203.04, , , , , , , ,24, , , , , , , , ,
204.562, , ,95, , ,6, , , , , , , , , , ,
207.78,7, , , , , , , ,39, , , , , , , ,
208.162, , ,94, , , , , , , , , , , , , ,
209.72, , , , , , , , , , , , ,19, , , ,
210.48, , , , , , , , , , , , , , ,24,17,
211.762, , ,93, , , , , , , , , , , , , ,
214.36, , , , , , , , , , ,18, , , , , ,
214.56, , , , , , , ,25,40, , , , , , , ,
215.362, , ,92,38,8, ,19, , , , , , , , , ,
215.92, , , , , , , , , , , , , ,16, , ,
218.962, , ,91, , , , , , , , , , , , , ,
219.7, , , , , , , , , ,9, ,11,20, ,25, ,
221.1, , , , , , , , ,41, , , , , , , ,
222.58, , ,90, , , , , , , , , , , , ,18,
224.52, , , , , , , ,26, , , , , , , , ,
226.162, , ,89, , , , , , , , , , , , , ,
227.46, , , , , , , , ,42, , , , , , , ,
228.54, , , , , , , , , , ,19, , , ,26, ,
229.762, , ,88, , , , , , , , , , , , , ,
230.56, , , , , , , , , , , , ,21, , , ,
230.94, , , , , , , , , , , , , ,17, , ,
233.362, , ,87, , , , , , , , , , , , , ,
234.4, , , , , , , , ,43, , , , , , , ,
234.72, , , , , ,7, , , , , , , , , , ,
236.962, , , , , , , ,27, , , , , , , , ,
237.08, , ,86, , , , , , , , , , , ,27,19,
240.562, , , , , , , , ,44, , , , , , , ,
240.66, , ,85, , , , , , , , , ,22, , , ,
242.72, , , , , , , , , , , ,12, , , , ,
244.162, , ,84, , , , , , , , , , , , , ,
245.56, , , , , , , , , , , , , , ,28, ,
246.66, , , , , , , , ,45, , , , , , , ,
247.12, , , , , , , , , ,10, , , , , , ,
247.762, , ,83, , , , , , , , , , , , , ,
248.38, , , , , , , , , , , , , ,18, , ,
249.12, , , , , , , ,28, , , , , , , , ,
250, , , , , , , , , , ,20, ,23, , , ,
251.362, , ,82, , , , , , , , , , , , , ,
252.72, , , , , , , , ,46, , , , , , ,20,
253.56, , , , , , , , , , , , , , ,29, ,
254.962, , ,81, , , , , , , , , , , , , ,
258.562, , ,80, , , , , , , , , , , , , ,
258.98, , , , , , , , ,47, , , , , , , ,
260.4, , , , , , , , , , , , ,24, , , ,
261.28, , , , , , ,18, , , , ,13, , , , ,
261.7, , , , , , , , , , , , , , ,30, ,
262.162, , ,79, , , , , , , , , , , , , ,
263.96, , , , , , , ,29, , , , , , , , ,
264.9, , , , , , , , ,48, , , , , , , ,
265.762, , ,78,37, , , , , , , , , , , , ,
268.38,8,5, , , , , , , , , , , , , , ,
269.362, , ,77, , , , , , , , , , ,19, , ,
270.02, , , , , , , , , , , , ,25, ,31, ,
271, , , , , , , , ,49, , , , , , , ,
272.962, , ,76, , , , , , , , , , , , , ,
273.48, , , , , , , , , , , , , , , ,21,
274.12, , , , , , , , , ,11, , , , , , ,
275.8, , , , , ,8, , , , , , , , , , ,
276.562, , ,75, , , , , , , , , , , , , ,
277.44, , , , , , ,19, ,50, , ,14, , , , ,
277.86, , , , , , , , , , , , , , ,32, ,
280.162, , ,74, , , , ,30, , , , , , , , ,
280.62, , , , , , , , , , , , ,26, , , ,
283.26, , , , , , , , ,51, , , , , , , ,
283.762, , ,73, , , , , , , , , , , , , ,
285.86, , , , , , , , , , , , , , ,33, ,
287.362, , ,72, , , , , , , , , , , , , ,
289.42, , , , , , , , ,52, , , , , , , ,
290.962, , ,71, , , , , , , , , ,27,20, , ,
293.04, , , , , , , , , , , ,15, , , , ,
294, , , , , , , , , , , , , , ,34, ,
294.562, , ,70, , , , , , , , , , , , , ,
295.28, , , , , , , , , , ,21, , , , ,22,
295.78, , , , , , , , ,53, , , , , , , ,
296.18, , , , , , , ,31, , , , , , , , ,
298.162, , ,69, , , , , , , , , , , , , ,
300.32, , , , , , , , , ,12, , , , , , ,
301.9, , ,68, , , , , ,54, , , ,28, ,35, ,
303.762, , , ,36, , , , , , , , , , , , ,
305.362, , ,67, , , , , , , , , , , , , ,
306.58, , , , , , , , , , , ,16, , , , ,
308, , , , , , , , ,55, , , , , , , ,
308.962, , ,66, , , , , , , , , , , , , ,
309.54, , , , , , , , , , , , , , ,36, ,
312.562, , ,65, , , , , , , , , , , , , ,
313.18, , , , , , , ,32, , , , ,29,21, , ,
313.88, , , , , , , , ,56, , , , , , , ,
316.162, , ,64, , , , , , , , , , , , , ,
317.54, , , , , , , , , , , , , , ,37, ,
319.94, , ,63, , , , , ,57, , , , , , ,23,
320.5, , , , , , ,18, , , , ,17, , , , ,
323.362, , ,62, , , , , , , , , , , , , ,
324.56, , , , , , , , , , , , ,30, , , ,
325.1, , , , , , , , , , , , , , ,38, ,
326.2, , , , , , , , ,58, , , , , , , ,
326.962, , ,61, , , , , , , , , , , , , ,
327.92, , , , , , , , , ,13, , , , , , ,
330.562, , ,60, , , , , , , , , , , , , ,
332.8, , , , , , , , ,59, , ,18, , ,39, ,
334.162, , ,59, , , , , , , , , , , , , ,
334.8, , , , , , , ,33, , , , , , , , ,
335.962, , , ,35, , , , , , , , , , , , ,
337.762, , ,58, , , , , , , , , ,31, , , ,
338.76, , , , , , , , ,60, , , , , , , ,
340.64, , , , , , , , , , , , , , ,40, ,
341.58, , ,57, , , , , , , , , , ,22, , ,
343.3, , , , ,7,9,17, , , ,20, , , , , ,
345.06, , ,56, , , , , ,61, , ,19, , , , ,
348.64, , ,55, , , , , , , , , , , ,41, ,
349.12, , , , , , , , , , , , ,32, , , ,
351.56, , , , , , , , ,62, , , , , , , ,
352.162, , ,54, , , , , , , , , , , , , ,
355.762, , ,53, , , , , , , , , , , , , ,
356.78, , , , , , , , , , , , , , ,42, ,
357.42, , , , , , , , , , , ,20, , , , ,
358.3, , , , , , , , ,63, , , , , , , ,
359.52, , ,52, , , ,16, , ,14, , , , , , ,
362.6, , , , , , , , , , , , ,33, , , ,
362.962, , ,51, , , , , , , , , , , , , ,
364.362, , , ,34, , , , , , , , , , , , ,
365.28, , , , , , , , ,64, , , , , ,43, ,
366.562, , ,50, , , , , , , , , , , , , ,
367.7, , , , , , , , , , ,19, , , , , ,
368.24, , , , , , , , , , , ,21, , , , ,
370.162, , ,49, , , , , , , , , , , , , ,
372.52,9,6, , , , , , ,65, , , , , , , ,
373.762, , ,48, , , , , , , , , , , ,44, ,
377.362, , ,47, , , , , , , , , , , , , ,
378.28, , , , , , , , , , , , ,34, , , ,
379.2, , , , , , , , , , , ,22, , , , ,
380.04, , , , , , , , ,66, , , , , , , ,
380.962, , ,46, , , , , , , , , , , , , ,
382.24, , , , , , , , , , , , , , ,45, ,
384.562, , ,45, , , , , , , , , , , , , ,
388.162, , ,44, , , , , ,67, , , , , , , ,
390.562, , , ,33, , , , , , , , , , , , ,
391.14, , , , , , , , , , , ,23, , ,46, ,
391.762, , ,43, , , , , , , , , , , , , ,
395.362, , ,42, , , , , , , , , , , , , ,
396.1, , , , , , , , ,68, ,18, , , , , ,
397.02, , , , , , , , , , , , ,35, , , ,
398.962, , ,41, , , , , , , , , , , , , ,
400.12, , , , , , , , , , , , , , ,47, ,
400.92, , , , ,6, ,15, , ,15, , , , , ,22,
401.34, , , , , , , , , , , ,24, , , , ,
402.562, , ,40, , , , , , , , , , , , , ,
403.2, , , , , ,8, , , , , , , , , , ,
404.48, , , , , , , , ,69, , , , , , , ,
406.162, , ,39, , , , , , , , , , , , , ,
409.762, , ,38, , , , , , , , , , , , , ,
410.26, , , , , , , , , , , , , , ,48, ,
412.38, , , , , , , , , , , ,25, , , , ,
413.362, , ,37, , , , , ,70, , , , , , , ,
414.562, , , ,32, , , , , , , , , , , , ,
416.962, , ,36, , , , , , , , , , , , , ,
420.562, , , , , , , , , , , , ,36, , , ,
420.66, , ,35, , , , , , , , , , , ,49, ,
422.66, , , , , , , , ,71, , , , , , , ,
423.52, , , , , , ,14, , , ,17,26, , , , ,
424.162, , ,34, , , , , , , , , , , , , ,
427.762, , ,33, , , , , , , , , , , , , ,
431.362, , ,32, , , , , , , , , , , ,50, ,
432.42, , , , , , , , ,72, , , , , , , ,
434.962, , ,31, , , , , , , , , , , , , ,
435.66, , , , , , , , , , , ,27, , , , ,
437.162, , , ,31, , , , , , , , , , , , ,
438.562, , ,30, , , , , , , , , , , , , ,
442.26, , ,29, , , , , , , , , , , ,51, ,
442.7, , , , , , , , ,73, , , , , , , ,
445.762, , ,28, , , , , , , , , , , , , ,
449, , , , ,5, ,13,32, , ,16,28, , , ,21,
449.362, , ,27, , , , , , , , , , , , , ,
450.62, , , , , , , , , , , , ,37, , , ,
452.962, , ,26, , , , , , , , , , , , , ,
454.86, , , , , , , , , , , , , , ,52, ,
455.5, , , , , , , , ,74, , , , , , , ,
456.562, , ,25, , , , , , , , , , , , , ,
457.2, , , , , ,7, , , , , , , , , , ,
458.362, , , ,30, , , , , , , , , , , , ,
460.162, , ,24, , , , , , , , , , , , , ,
460.92, , , , , , , , , ,16, ,29, , , , ,
463.762, , ,23, , , , , , , , , , , , , ,
467.362, , ,22, , , , , , , , , , , , , ,
467.86, , , , , , , , , , , , , , ,53, ,
469.2, , , , , , , , ,75, , , , , , , ,
470.962, , ,21, , , , , , , , , , , , , ,
472.96, , , , , , ,12, , , , ,30, , , , ,
473.4, , , , , , , , , , ,15, , , , , ,
474.562, , ,20, , , , , , , , , , , , , ,
478.282, , ,19,29, , , , , , , , , , , , ,
481.28, , , , , , , , , , , , , , ,54, ,
481.762, , ,18, , , , , , , , , , , , , ,
483.94, , , , , , , , ,76, , , , , , , ,
485.362, , ,17, , , , , , , , , , , , , ,
486.18, , , , , , , , , , , ,31, , , , ,
487.8, , , , , , , , , , , , , , , ,20,
488.962, , ,16, , , , , , , , , , , , , ,
491.562, , , , , , , , , , , , ,38, , , ,
492.562, , ,15, , , , , , , , , , , , , ,
496.162, , ,14, , , , , , , , , , , , , ,
497.342,8, , ,28, , , , , , , , , , ,55, ,
499.762, , , , , , ,11, , , ,14,32, ,21, , ,
499.88, , ,13, ,4, , , ,77, , , , , , , ,
503.362, , ,12, , , , , , , , , , , , , ,
506.2, , , , , ,6, , , , , , , , , , ,
506.962, , ,11, , , , , , , , , , , , , ,
510.562, , ,10, , , , , , , , , , , , , ,
514.18, , ,9, , , , , , , , ,33, , ,56, ,
515.482, , , ,27, , , , , , , , , , , , ,
517.24, , , , , , , , ,78, , , , , , , ,
517.762, , ,8, , , , , , , , , , , , , ,
521.362, , ,7, , , , , , , , , , , , , ,
523.942, ,5, , , , ,10,31, , ,13, , , , ,19,
524.962, , ,6, , , , , , , , , , , , , ,
528.562, , ,5, , , , , , , , , , , , , ,
530.72, , , , , , , , , , , ,34, , , , ,
532.162, , ,4, , , , , , , , , , , , , ,
532.682, , , ,26, , , , , , , , , , , , ,
535.002, , , , , , , , , , , , , , ,57, ,
535.762, , ,3, , , , , , , , , , , , , ,
539.362, , ,2, , , , , , , , , , , , , ,
541.482, , , , , , ,9, , , , , , , , , ,
543.24, , ,1, , , , , ,79, , , , , , , ,
543.92, , , , , , , , , , ,12, , , , , ,
546.562, , ,0, , , , , , , , , , , , , ,
547.92, , , , , , , , , , , , , , , ,18,
549.56, , , ,25, , , , , , , ,35, , , , ,
555.12, , , , , , , ,30, , , , , , , , ,
556.8, , , , ,3,5, , , , , , , , , , ,
562.32,7, , , , , , , , , , , , , ,58, ,
567.522, , , ,24, , , , , , , , , , , , ,
571.36, , , , , , ,8, , , ,11,36,37,20, , ,
573.32, , , , , , , , , , , , , , , ,17,
587.042, , , ,23, , , , , , , , , , , , ,
590.72, , , , , , , ,29, , , , , , , , ,
599.76, , , , , , , , , , ,10, , , , , ,
602.32, , , , , , , , , , , , , , , ,16,
603.36, , , , , , , , , , , ,37, , , , ,
608.584, , , ,22, , , , , , , , , , , , ,
622.528,6,4, , , , ,7,28, , ,9, ,36,19, , ,
626.52, , , , , , , , , , , , , , , ,15,
631.442, , , ,21, , , , , , , , , , , , ,
634, , , , , ,4, , , , , , , , , , ,
655.622, , , , , , , , ,78, , , , , , , ,
656.008, , , , ,2, ,6,27, ,15,8, , , , ,14,
656.894, , , ,20, , , , , , , , , , , , ,
671.32, , , , , , , , , , , , ,35,18, , ,
672.32,5, , , , , , , , , , , , , , , ,
685.12, , , ,19, , , , , , , , , , ,57,13,
686.72, , , , , , , ,26,77, , , , , , , ,
689.52, , , , , , , , , , ,7, , , , , ,
701.702, , , , , ,3, , , , , , , , , , ,
716.242, , , ,18, , , , , , , , , , , , ,
723.12, , , , , , ,7, , , , , , , , , ,
723.72,4,3, , , , , , ,76, , , , , , , ,
727.022, , , , , , , , , , , ,36,34, , , ,
734, , , , , , ,6, , , , , , , ,56,12,
747.32, , , , , , , ,25, , , , , , , , ,
751.042, , , ,17, , , , , , , , , , , , ,
751.842, , , , , , , , ,75, , , , , , , ,
754.722, , , , , , ,5, , ,14,6, , ,17, , ,
765.32, , , , , , , , , , , ,35,33, , , ,
770.8, , , , , , , , , , , , , , ,55,11,
783.92,3, , , , , , , ,74, , , , , , , ,
784.52, , , , , , , ,24, , , , , , , , ,
790.042, , , ,16, , , , , , , , , , , , ,
805.72, ,2, , ,1,2,4, , , ,5,34,32,16,54,10,
808.92, , , , , , , , ,73, , , , , , , ,
828.32, , , , , , , ,23, , , , , , , , ,
829.32, , , , , , , , ,72, , , , , , , ,
834.12,2, , ,15, , , , , , , , , , , , ,
835.32, , , , , , , , , , , , , , ,53, ,
837.6, , , , , , , , , ,13, ,33, , , , ,
852.12, , , , , , , , ,71, , , ,31, , , ,
855.52, , , , , , , , , , , , , , , ,9,
859.72, , , , , , , , , , , , , , ,52, ,
860.92, , , , , , ,3,22, , ,4, , ,15, , ,
871.2, , , , , , , , ,70, , ,32, , , , ,
884.042, , , ,14, , , , , , , , ,30, , , ,
885.52, , , , , , , , , , , , , , ,51, ,
892.12, , , , , , , , ,69, , , , , , , ,
892.92, , , , , , , ,21, , , , , , , ,8,
900.52, , , , , , ,4, , , , , , , , , ,
901.72,1,1, , , , , , , , , , , , , , ,
906.8, , , , , , , , , , , ,31, , , , ,
907.32, , , , , , , , , , , , , , ,50, ,
909.82, , , , , , , , ,68, , , , , , , ,
913.16, , , , , , ,3, , , , , ,29,14, , ,
914.8, , , , , , , , , ,12, , , , , , ,
926.72, , , , , , , ,20,67, , , , , , , ,
930.32, , , , , , , , , , , , , , ,49, ,
932.2, , , , , , , , , , , ,30, , , , ,
938.52, , , , , , , , , , , , , , , ,7,
939.36, , , , ,0,1,2, , , , , , , , , ,
941.442, , , ,13, , , , , , , , , , , , ,
943.28, , , , , , , , ,66, , , , , , , ,
950.12, , , , , , , , , , , , ,28, ,48, ,
959, , , , , , , , , , , ,29, , , , ,
961.36, , , , , , , , ,65, , , , , , , ,
965.92, , , , , , , ,19, , , , , , , , ,
967.16, , , , , , , , , , , , , ,13, , ,
970.72, , , , , , , , , , , , , , ,47, ,
976.92, , , , , , , , ,64, , , ,27, , , ,
987.366,0,0, , , , , , , , , , , , , , ,
987.6, , , , , , , , , , , ,28, , , , ,
989.32, , , , , , , , , , , , , , ,46,6,
993.84, , , , , , , , ,63, , , , , , , ,
1001.9, , , , , , ,1,18, ,11,3, , , , , ,
1008.2, , , ,12, , , , , , , , , , , , ,
1008.56, , , , , , , , ,62, , , ,26,12,45, ,
1010, , , , , , , , , , , ,27, , , , ,
1024.4, , , , , , , , ,61, , , , , , , ,
1027.32, , , , , , , , , , , , , , ,44,5,
1031.3, , , , , , , ,17, , , , , , , , ,
1032.5, , , , , , ,0, , , ,2, , , , , ,
1037.16, , , , , , , , , , , ,26,25, , , ,
1038.28, , , , , , , , ,60, , , , , , , ,
1042.16, , , , , , , , , , , , , ,11, , ,
1044.966, , , , , , , , , , , , , , ,43, ,
1047.36, , , , , ,0, , , , , , , , , , ,
1053.22, , , , , , , , ,59, , , , , , , ,
1059.56, , , , , , , , , , , , ,24, , , ,
1062.68, , , , , , , , , , , ,25, , , , ,
1062.966, , , , , , , , , , , , , , ,42, ,
1064.7, , , , , , , ,16, , , , , , , , ,
1066.566, , , , , , , , ,58, , , , , , , ,
1068.92, , , , , , , , , , , , , , , ,4,
1069.406, , , , , , , , , ,10, , , , , , ,
1078.886, , ,1, , , , , , , , , , , ,41, ,
1080.52, , , , , , , , ,57, , , , , , , ,
1084.886, , ,2, , , , , , , , , , , , , ,
1086, , , , , , , , , , , ,24, , , , ,
1089.16, , , , , , , , , , , , ,23, , , ,
1090.026, , ,3, , , , , , , , , , , , , ,
1091.16, , , , , , , , , , , , , ,10, , ,
1094.026, , ,4, , , , , , , , , , , , , ,
1095.28, , , , , , , , , , , , , , ,40, ,
1095.74, , , , , , , , ,56, , , , , , , ,
1097.626, , ,5, , , , , , , , , , , , , ,
1100.1, , , , , , , ,15, , , , , , , , ,
1100.886, , ,6, , , , , , , , , , , , , ,
1103.886, , ,7, , , , , , , , , , , , , ,
1106.646, , ,8, , , , , , , , , , , , , ,
1109.206, , ,9, , , , , ,55, , , , , , , ,
1111.606, , ,10, , , , , , , , ,23, , , , ,
1112.16, , , , , , , , , , , , ,22, , , ,
1112.58, , , , , , , , , , , , , , ,39, ,
1113.846, , ,11, , , , , , , , , , , , , ,
1116.326, , ,12,13, , , , , , , , , , , , ,
1118.206, , ,13, , , , , , , , , , , , , ,
1120.206, , ,14, , , , , , , , , , , , , ,
1120.92, , , , , , , , , , , , , , , ,3,
1122.102, , ,15, , , , , , , , , , , , , ,
1122.5, , , , , , , , , , ,1, , , , , ,
1123.52, , , , , , , , ,54, , , , , , , ,
1123.998, , ,16, , , , , , , , , , , , , ,
1125.798, , ,17, , , , , , , , , , , , , ,
1127.846, , ,18, , , , , , , , , , , , , ,
1127.96, , , , , , , , , , , , , , ,38, ,
1129.314, , ,19, , , , , , , , , , , , , ,
1130.952, , ,20, , , , , , , , , , , , , ,
1132.7, , ,21, , , , , , , , , , , , , ,
1133, , , , , , , , , ,9, ,22, , , , ,
1134.156, , ,22, , , , , , , , , , , , , ,
1135.722, , ,23, , , , , , , , , , , , , ,
1137.222, , ,24, , , , , , , , , , , , , ,
1137.9, , , , , , , ,14,53, , , , , , , ,
1138.722, , ,25, , , , , , , , , , , , , ,
1140.162, , ,26, , , , , , , , , , , , , ,
1141.96, , ,27, , , , , , , , , , , , , ,
1142.246, , , , , , , , , , , , ,21, , , ,
1142.988, , ,28,14, , , , , , , , , , , , ,
1143.94, , , , , , , , , , , , , , ,37, ,
1144.374, , ,29, , , , , , , , , , , , , ,
1145.16, , , , , , , , , , , , , ,9, , ,
1145.708, , ,30, , , , , , , , , , , , , ,
1147.042, , ,31, , , , , , , , , , , , , ,
1148.328, , ,32, , , , , , , , , , , , , ,
1149.614, , ,33, , , , , , , , , , , , , ,
1150.886, , ,34, , , , , , , , , , , , , ,
1151.52, , , , , , , , ,52, , , , , , , ,
1152.128, , ,35, , , , , , , , , , , , , ,
1153.37, , ,36, , , , , , , , , , , , , ,
1154.57, , ,37, , , , , , , , , , , , , ,
1155.77, , ,38, , , , , , , , , , , , , ,
1156.646, , , , , , , , , , , ,21, , , , ,
1156.932, , ,39, , , , , , , , , , , , , ,
1158.094, , ,40, , , , , , , , , , , , , ,
1159.526, , ,41,15, , , , , , , , , , , , ,
1160.56, , ,42, , , , , , , , , , , ,36, ,
1161.508, , ,43, , , , , , , , , , , , , ,
1162.6, , ,44, , , , , , , , , , , , , ,
1163.96, , ,45, , , , , , , , , ,20, , , ,
1164.784, , ,46, , , , , , , , , , , , , ,
1166.16, , ,47, , , , , ,51, , , , , , , ,
1166.9, , ,48, , , , , , , , , , , , , ,
1168.166, , ,49, , , , , , , , , , , , , ,
1168.986, , ,50, , , , , , , , , , , , , ,
1170.17, , ,51, , , , , , , , , , , , , ,
1171.046, , ,52, , , , , , , , , , , , , ,
1172.31, , ,53,16, , , , , , , , , , , , ,
1173.042, , ,54, , , , , , , , , , , , , ,
1174.33, , ,55, , , , , , , , , , , , , ,
1174.99, , ,56, , , , , , , , , , , , , ,
1176.232, , ,57, , , , , , , , , , , , , ,
1176.912, , ,58, , , , , , , , , , , , , ,
1178.028, , ,59, , , , , , , , , , , ,35, ,
1178.3, , , , , , , ,13, , , , , , , , ,
1179.1, , ,60, , , , , ,50, , , , , , , ,
1179.732, , ,61, , , , , , , , , , , , , ,
1180.656, , ,62, , , , , , , , , , , , , ,
1181.8, , ,63, , , , , , , , ,20, , , , ,
1182.566, , ,64,17, , , , , , , , , , , , ,
1183.404, , ,65, , , , , , , , , , , , , ,
1184.474, , ,66, , , , , , , , , , , , , ,
1185.446, , ,67, , , , , , , , , , , , , ,
1186.082, , ,68, , , , , , , , , , , , , ,
1186.96, , ,69, , , , , , , , , , , , , ,
1187.838, , ,70, , , , , , , , , , , , , ,
1188.704, , ,71, , , , , , , , , , , , , ,
1189.554, , ,72, , , , , , , , , , , , , ,
1190.412, , ,73, , , , , , , , , , , , ,2,
1191.524, , ,74,18, , , , , , , , ,19, , , ,
1192.088, , ,75, , , , , , , , , , , , , ,
1193.24, , ,76, , , , , ,49, , , , , ,34, ,
1194.086, , ,77, , , , , , , , , , , , , ,
1194.942, , ,78, , , , , , , , , , , , , ,
1195.4, , ,79, , , , , , , , , , , , , ,
1196.218, , ,80, , , , , , , , , , , , , ,
1197.218, , ,81, , , , , , , , , , , , , ,
1197.818, , ,82, , , , , , , , , , , , , ,
1198.618, , ,83, , , , , , , , , , , , , ,
1199.564, , ,84, , , , , , , , , , , , , ,
1199.846, , , ,19, , , , , , , , , , , , ,
1200.446, , ,85, , , , , , , , , , , , , ,
1200.982, , ,86, , , , , , , , , , , , , ,
1201.764, , ,87, , , , , , , , , , , , , ,
1202.726, , ,88, , , , , , , , , , , , , ,
1203.474, , ,89, , , , , , , , , , , , , ,
1204.078, , ,90, , , , , , , , , , , , , ,
1204.844, , , , , , , , , ,8, ,19, , , , ,
1205.16, , ,91, , , , , , , , , , , , , ,
1205.396, , , , , , , , , , , , , ,8, , ,
1205.606, , ,92, , , , , , , , , , , , , ,
1206.356, , ,93, , , , , , , , , , , , , ,
1207.25, , ,94,20, , , , , , , , , , , , ,
1208.152, , ,95, , , , , ,48, , , , , , , ,
1208.59, , ,96, , , , , , , , , , , , , ,
1209.324, , ,97, , , , , , , , , , , ,33, ,
1210.058, , ,98, , , , , , , , , , , , , ,
1210.792, , ,99, , , , , , , , , , , , , ,
1211.63, , ,100, , , , , , , , , , , , , ,
1212.474, , , , , , , , , , , , ,18, , , ,
1214.246, , , ,21, , , , , , , , , , , , ,
1221.284, , , ,22, , , , , , , , , , , , ,
1221.9, , , , , , , ,12,47, , , , , , , ,
1225.978, , , , , , , , , , , , , , ,32, ,
1228.944, , , ,23, , , , , , , , , , , , ,
1229.5, , , , , , , , , , , ,18, , , , ,
1236.106, , , , , , , , ,46, , , , , , , ,
1237.286, , , ,24, , , , , , , , ,17, , , ,
1243.14, , , , , , , , , , , , , , ,31, ,
1245.484, , , ,25, , , , , , , , , , , , ,
1251.298, , , , , , , , ,45, , , , , , , ,
1254.674, , , ,26, , , , , , , , , , , , ,
1257.206, , , , , , , , , , , ,17, , , , ,
1261.426, , , , , , , , , , , , , , ,30, ,
1264.024, , , ,27, , , , , , , , , , , , ,
1267.62, , , , , , , , ,44, , , , , , , ,
1269.204, , , , , , , ,11, , , , ,16, , , ,
1272.56, , , , , , , , , , , , , ,7, , ,
1274.264, , , ,28, , , , , , , , , , , , ,
1280.08, , , , , , , , , , , , , , ,29, ,
1281.96, , , , , , , , ,43, , , , , , , ,
1285.324, , , ,29, , , , , , , , , , , , ,
1287.77, , , , , , , , , ,7, ,16, , , , ,
1293.204, , , , , , , , , , , , ,15, , , ,
1294.12, , , , , , , , , , , , , , , ,1,
1296.7, , , , , , , , , , , , , , ,28, ,
1297.44, , , ,30, , , , , , , , , , , , ,
1297.766, , , , , , , , ,42, , , , , , , ,
1302.7, , , , , , , , , , ,0, , , , , ,
1310.544, , , ,31, , , , , , , , , , , , ,
1314.26,1, , , , , , , ,41, , , , , ,27, ,
1316.1, , , , , , , , , , , ,15, , , , ,
1320.806, , , , , , , ,10, , , , , , , , ,
1325.224, , , ,32, , , , , , , , ,14, , , ,
1328.86, , , , , , , , ,40, , , , , , , ,
1332.1, , , , , , , , , , , , , , ,26, ,
1341.824, , , ,33, , , , , , , , , , , , ,
1344.64, , , , , , , , ,39, , , , , , , ,
1348.5, , , , , , , , , , , ,14, , , , ,
1349.76, , , , , , , , , , , , ,13,6, , ,
1351, , , , , , , , , , , , , , ,25, ,
1360.964, , , ,34, , , , , , , , , , , , ,
1361.8, , , , , , , , ,38, , , , , , , ,
1364.9, , , , , , , , , ,6, , , , , , ,
1370.8, , , , , , , , , , , , , , ,24, ,
1377.77, , , , , , , ,9,37, , , , , , , ,
1379.5, , , , , , , , , , , ,13, , , , ,
1382.96, , , , , , , , , , , , ,12, , , ,
1383.564, , , ,35, , , , , , , , , , , , ,
1391.4,2,1, , , , , , , , , , , , ,23, ,
1393.58, , , , , , , , ,36, , , , , , , ,
1405.58, , , , , , ,1, , , , , , , , , ,
1411.364, , , ,36, , , , ,35, , , , , , , ,
1413.2, , , , , , , , , , , , , , ,22, ,
1415.7, , , , , , , , , , , ,12, , , , ,
1423.58, , , , , , ,2, , , , , , , , ,2,
1430.34, , , , , , , , ,34, , , , , , , ,
1434.56, , , , , , , , , , , , ,11, , , ,
1439.38, , , , , , , , , , ,1, , , , , ,
1440,2,1,100,36,0,0,2,9,34,6,1,12,11,6,22,2,
