Time (min),CLK,clk,CRY,cry,CWO,cwo,CYC/CLK,pdp1,PDP1,per,PER,PER/TIM-p,tim,TIM,VRI,vri
1000.008, , , , , , ,7, , , , , , , , , 
1000.286, , , ,68, , , , , , , , , , , , 
1000.824, ,89, , , , , , , , , , , , , , 
1002.03, , ,92,67, , , , , , , , , , , , 
1002.75, , , , , , , , , ,0, , , , , , 
1003.47, , , , , , , , , , , ,20, , , , 
1004.234, , , , , ,1, , , , , , , , , , 
1005.856, ,90,93, , , , , , , , , , , , , 
1005.976, , , , , ,2, , , , , , , , , , 
1006.35, , , ,66, , , , , , , , , , , , 
1007.644, , ,92, , , , , , , , , , , , , 
1007.826, , , ,65, , , , , , , ,19, , , , 
1008.78, , , , , , ,8, , , , , , , , , 
1010.56, , , , , , ,7, , , , , , , , , 
1011.732, , , , , , , , ,37, , , , , , , 
1012.166, , , ,64, , ,8, , , , , , , , , 
1012.708, , , , , , , , , ,1, , , , , , 
1013.424, , , , , , , , , , , , , , ,50, 
1013.55, , , , , , , , , , , , , , , ,2
1013.956, , , ,63, , , , , , , , , , , , 
1016.244, ,89, , , , , , , , , , , , , , 
1016.43, , , , , ,3, , , , , , , , , , 
1018.116, , , ,62, , , , , , , , , , , , 
1018.302, , , , , , ,7, , , , , , , , , 
1019.75, , , ,61, , , , , , , , , , , , 
1020.03, , , , , , ,9,2, , , , , , , , 
1021.19, , , , , ,2, , , , , , , , , , 
1021.674, , , , , , ,8, , , , , , , , , 
1022.516, , ,92, , , , , , , , , , , , , 
1022.804,64, , , , , , , , , , , , , , , 
1023.4, , , , , , ,9, , , , , , , , , 
1023.956, , , , , , , , , , , , ,2, , , 
1024.024, , , ,60, , , , , , , , , , , , 
1024.576,63, , , , , , , , , , , , , , , 
1025.07, , , , , ,3, , , , , , , , , , 
1025.79, , , ,59, , , , , , , , , , , , 
1026.324,64,90, , , , , , , , , , , , , , 
1026.632, , ,91, , , , , , , , , , , , , 
1027.95,63, , , , , , , , , , ,18, , , , 
1028.414, , ,92, , , , , , , , , , , , , 
1029.432, , , , , , ,8, , , , , , , , , 
1029.948, , , ,58, , , , , , , , , , , , 
1030.284, , , , , , , , ,36, , , , , , , 
1031.1, , , , , , ,9, , , , , , , , , 
1031.716, ,89, ,57, , , , , , , , , , , , 
1032.022, , ,91, , , , , , , , , , , , , 
1033.362, , , , , ,4, , , , , , , , , , 
1035.782, , , ,56, , , , , , , , , , , , 
1036.626, , , , , , ,10,1, , , , , , ,49, 
1037.16, , , , , , , , , ,2, , , , , , 
1037.516, , , ,55, , , , , , , , , , , , 
1038.03, , , , , ,3, , , , , , , , , , 
1038.394, , , , , , , ,2, , , , , , ,50, 
1038.914, , , , , , , , , ,1, , , , , ,3
1039.238, , , , , , , , , , , ,19, , , , 
1039.828, , , , , ,4, , , , , , , , , , 
1041.454, , ,91, , , , , , , , , , , , , 
1041.636, , , ,54, , , , , , , , , , , , 
1043.326, , , ,53, , ,10, , , , , , , , , 
1045.092, , , , , , ,11, , , , , , , , , 
1045.726, , ,90, , , , , , , , , , , , , 
1046.792, ,88, , , , , , , , , , , , , , 
1047.39, , ,91, , , , , , , , , , , , , 
1047.586, , , ,52, , , , , , , , , , , , 
1047.886, , , , , , , , , , , ,18, , , , 
1049.326, , , ,51, , , , , , , , , , , , 
1049.404, , , , , , , , ,35, , , , , , , 
1051.178, , ,90, , , , , , , , , , , , , 
1051.518, , , , , , ,10, , , , , , , , , 
1053.224, , , , , , ,11, , , , , , , , , 
1053.326, , , ,50, , , , , , , , , , , , 
1055.016, , , , , , ,11, , , , , , , , , 
1055.102, , , ,49, , , , , , , , , , , , 
1056.75, , , , , , ,12, , , , , ,1, , , 
1058.008, , , , , , , ,3,36,2, , , , , , 
1059.36, , , ,48, , , , , , , , , , , , 
1060.08, , , , , , , , , , , , , , ,49, 
1060.15, , , , , , , , , , , , , , , ,4
1060.56, , ,89, , , , , , , , , , , , , 
1061.07, , , ,47, , , , , , , , , , , , 
1061.79, , , , , ,5, , , , , , , , , , 
1061.828, , , , , , , , , , , ,19, , , ,3
1062.874, ,87, , , , , , , , , , , , , , 
1063.23, , , , , , ,11, , , , , , , , , 
1064.138, , ,90, , , , , , , , , , , , , 
1065.024, , , , , , ,13, , , , , , , , , 
1065.206, , , ,46, , , , , , , , , , , , 
1065.596, , , , , , , , , , , , ,2, , , 
1066.796, , , , , , ,12, , , , , , , , , 
1066.83, , , ,45, , , , , , , , , , , , 
1067.652, , ,89, , , , , , , , , , , , , 
1067.816, , , , , , , , , , , ,18, , , , 
1068.094, , , , , ,6, , , , , , , , , , 
1068.444, ,88, , , , , , , , , , , , , , 
1068.588, , , , , , ,13, ,35, , , , , , , 
1071.15, , , ,44, , , , , , , , , , , , 
1072.942, , , ,43, , , , , , , , , , , , 
1073.374, , , , , , , ,4, , , , , , , , 
1074.636, , ,89, , , , , , , , , , , , , 
1074.75, , , , , , ,12, , , , ,19, , , , 
1076.354, , , , , , ,13, , , , , , , , , 
1076.938, , , ,42, , , , , , , , , , , , 
1078.056, , , , , , ,12, , , , , , , , , 
1078.384, , , , , , , , , , , , , , , ,4
1078.534, ,87, ,41, , , , , , , , , , , , 
1078.936, , ,88, , , , , , , , , , , , , 
1079.306, , , , ,5,7, ,3, , , , , , , , 
1079.79, , , , , , ,13, , , , , , , , , 
1082.67, , ,89, , , , , , , , , , , , , 
1082.964, , , ,40, , , , , , , , , , , , 
1083.42, , , , , , ,14, , , , , , , , , 
1083.648, , , , , , , , , , , , , , ,48, 
1084.452, , ,88, , , , , , , , , , , , , 
1084.686, , , ,39, , , , , , , , , , , , 
1085.09, , , , , , ,14, , , , , , , , , 
1086.846, , , , , , ,14, , , , , , , , , 
1087.728, , , , , , , , , , , ,18, , , , 
1088.192, , , , , , , , ,34, , , , , , , 
1088.37, , , , , , , ,4, , , , , , , , 
1088.456, , ,87, , , ,14, , , , , , , , ,3
1088.81, , , ,38, , , , , , , , , , , , 
1090.152, , , , , , ,14, , , , , , , , , 
1090.59, , , ,37, , , , , , , , , , , , 
1090.652, ,88, , , , , , , , , , , , , , 
1090.818,63, , , , , , , , , , , , , , , 
1091.902, , , , , , ,15, , , , , , , , , 
1092.114, , ,88, , , , , , , , , , , , , 
1093.576, , , , , , ,14, , ,3, , , , , , 
1094.444,63, , , , , , , , , , , , , , , 
1094.73, , , ,36, , , , , , , , , , , , 
1094.79, ,87, , , , , , , , , , , , , , 
1095.37, , , , , , ,15, , , , , , , , , 
1095.63, , ,87, , ,8, , , , , , , , , , 
1095.912, , , , , , , , , , , , , , , ,4
1096.238,62, , , , , , , , , , , , , , , 
1096.5, , , ,35, , , , , , , , , , , , 
1098.398, , , , ,4, , , , , , , , , , , 
1099.73, , , , , , , , , , , , ,3, , , 
1099.986, , ,86, , , , , , , , , , , , , 
1100.318, , , , , ,9, , , , , , , , , , 
1100.566, , , ,34, , , , , , , , , , , , 
1101.726, , , , , , ,15, , , , , , , , , 
1102.014, , , , , , , ,5,35, , , , , , , 
1102.11, , , , , ,8, , , , , , , , , , 
1102.348, , , ,33, , , , , , , , , , , , 
1103.616, , ,87, , , , , , , , , , , , , 
1103.81, , , , , ,9, , , , , , , , , , 
1106.43, , , ,32, , , , , , , , , , , , 
1107.15, , ,86, ,5, ,16, , , , , , , , , 
1107.87, , , , , , , , ,34, , , , , , , 
1108.05, , , , , , , , , , , , , , ,47, 
1108.196, , , ,31, , , , , , , , , , , , 
1108.704, , , , , , , , , , , ,17, , , , 
1110.4, , , , , ,10, , , , , ,18, , , , 
1111.47, , ,85, , , , , , , , , , , , , 
1111.66, , , , , , , , , , , , , , ,48,5
1112.19, , , ,30, , , , , , , , , , , , 
1113.63, , , , , , ,15, , , , , , , , , 
1113.792, , , ,29, , , , , , , , , , , , 
1114.518, , , , , , , ,6, , , , , , , , 
1115.556, , ,86, , , , , , , , , , , , , 
1117.23, , , , , , ,16, , , , , , , , , 
1117.33, , ,85, , , , , , , , , , , , , 
1117.95, , , ,28, , , , , , , , , , , , 
1118.67, , , , , , , ,5, , , , , , , , 
1119.028, , ,85, , , , , , , , , , , , , 
1119.48, , , ,27, , , , , , , , , , , , 
1120.828, , ,85, , , , , , , , , , , , , 
1122.426, , ,84, , , , , , , , , , , , , 
1123.968, , , ,26, , ,16, , ,4, , , , , , 
1124.778, , , , , ,11, , , , , , , , , , 
1125.74, , , ,25, , ,17, , , , , , , , , 
1125.87, , ,83, , , , , , , , , , , , , 
1126.378, , , , , , , ,6, , , , , , , , 
1127.36, ,86, , , , ,17, , , , , , , , , 
1128.118, , , , , , , , ,33, , , , , , , 
1129.056, , , , , , ,17, , , , , , , , , 
1129.47, , , , , , , , , , , ,17, , , , 
1130.024, , , ,24, , , , , , , , , , , , 
1130.316, , , , ,6, , , , , , , , , , , 
1131.816, , ,82,23, , , , , , , , , , , , 
1132.084, , , , , , , , ,34, , , , , , , 
1132.35, , , , , , , , , , , , , , ,47, 
1133.79, , , , , ,12, , , , , , , , , , 
1134.048, , , , , , , , , ,3, , , , , , 
1135.23, ,87, , , , , , , , , , , , , , 
1135.842, , , , , , , , , ,4, , , , , , 
1135.974, , , ,22, , ,18, , , , , , , , , 
1137.62, , , ,21, , ,18,7, ,3, ,18, , , , 
1138.056, , , , , ,13, , , , , , , , , , 
1139.586, , ,81, , , , , , , , , , , , , 
1139.756, , , , , ,12, , , , , , , , , , 
1141.028, , , , , , , , , , , , , , , ,6
1141.188, , , , , ,13,18, , , , , , , , , 
1141.822, , , ,20, , , , , , , , , , , , 
1142.708, , , , , ,12,18, , , , , , , , , 
1143.372, ,86, ,19, , , , , , , , , , , , 
1144.482, , , , , ,13,19, , , , , , , , , 
1145.442, , ,80, , , , , , , , , , , , , 
1146.308, , , , , , , , , , , ,19, , , , 
1147.67, , , ,18, , , , , , , , , , , , 
1148.008, , , , , , , , , , , ,18, , , , 
1148.412, , , , , , , , ,33, , , , , , , 
1148.91, , , , , , , ,8, , , , , , , , 
1149.132, , , ,17, , , , , , , , , , , , 
1150.35, , , , , , , , , ,4, , , , , , 
1150.594, , , , , , ,18,7, , , , , , , , 
1151.79, , ,79, , , , , , , , , , , , , 
1151.886, , , , , , , , , , ,3, , , , , 
1152.056, , , , , , ,19, , , , , , , , , 
1153.526, , , ,16, , , , , , , , , , , , 
1154.124, , , , , ,14, , , , , , , , ,48,7
1154.988, , , ,15, , , , , , , , , , , , 
1155.756, , , , , , , , , , , , , , ,47, 
1156.334, , , , , , , , , , , , ,4, , , 
1156.442, , ,78, , , , , , , , , , , , , 
1157.778, ,87, , , , , , ,34, , , , , , , 
1158.066, , , , , ,15,19, , , , , , , , , 
1159.178, , , , , , , , , ,3, , , , , , 
1159.506, ,86, ,14, , , ,8, , , , , , , , 
1159.774, , , , , , ,20, , , , , , , , , 
1161.15, , ,77,13, , , , , , , , , , , , 
1161.412, , , , , , ,20, , , , , , , , , 
1161.87, , , , , ,14, , , , , , , , , , 
1162.698, , ,77, , , , , , , , , , , , , 
1163.136, , , , , , ,21, , ,4, , , , , , 
1164.314, ,85,76, , , , , , , , , , , , , 
1164.9, , , , , , ,20, , , , , , , , , 
1165.47, , , ,12, ,15, , , , , , , , , , 
1166.556, , , , ,7, , , , , , , , , , , 
1166.676, , , , , , ,21, , , , , , , , , 
1166.91,61, , , , , , , , , , , , , , , 
1167.264, , , ,11, , , , , , , , , , , , 
1168.578,62, , , , , , , ,33, , , , , , , 
1169.206, , ,75, , ,16, , , , , , , , , , 
1169.6, , , , , , , ,9, , , , , , , , 
1170.098,61, , , , , , , , , , , , , , ,6
1170.51, , , , , , , , , , , ,17, , , , 
1170.844, , ,75, , , , , , , , , , , , , 
1171.362, , , ,10, , , , , , , , , , , , 
1171.672,62, , , , , , , , , , , , , , , 
1172.524, , ,74, , , , , , , , , , , , , 
1172.754, , , ,9, , ,20, , , , , , , , , 
1173.396,61, , , , , , , , , , , , , , , 
1174.164, , ,74, , , , , , , , , , , , , 
1174.334, , , , , , ,21, , , , , , , , , 
1175.092,62, , , , , , , , ,5, , , , , , 
1175.928, , ,73, , , , , , , , , , , , , 
1176.496, ,84, , , ,17, , , , , , , , , , 
1176.816,61, , , , , , , , , , , , , , , 
1177.192, , , ,8, , , , , , , , , , , , 
1177.71, , , , , , , , ,34, , , , , , , 
1178.524,62, , , , , ,22, , , , , , ,1, ,7
1178.658, , , ,7, , , , , , , , , , , , 
1179.178, , , , , , , ,8, , , , , , , , 
1179.258, , , , , , , , , , , , ,5, , , 
1179.87, ,85, , , ,16, , , , , , , , , , 
1180.248,61, , , , , ,22, , , , , , ,0, , 
1180.85, , , , , , , , , ,4, , , , , , 
1180.986, , ,71, , , , , , , , , ,4, , , 
1181.346, , , , ,8, , , , , , , , , ,46, 
1182.03, , , , , , ,23, , , , , , , , , 
1183.072, , , ,6, , , , , , , , , , , , 
1183.47, , , , , ,17, , , , , , , , , , 
1183.696, , , , , , ,23, , , , , , , , , 
1184.644, , , ,5, , , , , , , , , , , , 
1185.042, , , , , ,18, , , , , , , , , , 
1185.42, , , , , , ,23, , , , , , , , , 
1186.256, , ,69, , , , , , ,5, , , , , , 
1186.674, , , , ,7, , , , , , , , , , , 
1187.144, , , , , , ,23, , , , , , , , , 
1188.024, , ,69, , , , ,9, , , , , , , , 
1188.868, , , , , , ,24, ,33, , , , , , , 
1189.004, , , ,4, , , , , , , , , , , , 
1189.57, , , , , , , , , , , , , , , ,8
1190.592, , , , , , ,24, , , , , , , , , 
1190.686, , , ,3, , , , , , , , , , ,47, 
1191.53, , ,68, , , , , , , , , , , , , 
1192.316, , , , , , ,23, , , , , , , , , 
1193.13, ,84,67, , , , , , , , , , , , , 
1193.566, , , , , ,19, , , , , , , , , , 
1194.04, , , , , , ,24, , , , , , , , , 
1194.676, , ,66,2,8, , , , , , , , , , , 
1196.376, , , , , , , ,10,34, , , , , , , 
1196.47, , ,65,1, , , , , ,6,4, , , , , 
1198.108, , ,64, , , , , , ,5, , , , , , 
1199.342, , , , , , , , , , , , ,5, , , 
1199.574, , ,63, , , , , , , , , , , , , 
1200.09, , , , , , , , , , , , , , , ,9
1200.782, , , ,0, , , , , , , , , , , , 
1200.936, , , , , , ,25, , , , , , , , , 
1201.236, , ,62, , , , , , , , , , , , , 
1202.222, ,85, , , , , , , , , , , , , , 
1202.836, , , , , ,20, , , , , , , , , , 
1204.596, , , , , ,21, , , , , , , , , , 
1204.944, , ,61, , , , , , , , , , , , , 
1206.15, , , , , , , , , ,6, , , , , , 
1206.214, , , , , ,20, , , , , , , , ,46, 
1206.55, , ,60, ,9, , , , , , , , , , ,8
1207.888, , , , , , ,26, , , , , , , , , 
1208.014, , , , , ,21, , , , , , , , , , 
1208.132, , ,59, , , , , , , , , , , , ,9
1209.074, , , , , , , , ,33, , , , , , , 
1209.612, ,84,58, , ,20,26, , , , , , , , , 
1211.364, , , , , ,21,26, , , , , , , , , 
1212.31, , , , , , , ,11, , , , , , , , 
1212.822, , , , , , , , ,34, , , , , , , 
1213.096, , ,57, , , ,26, , , , , , , , , 
1214.84, , ,56, , , ,26, , , , , , , , , 
1215.306, , , , , , , , , ,5, , , , , , 
1216.63, , ,55, , , ,27, , , , , , , , , 
1217.564, , , , , ,22, , , , , , , , , , 
1218.316, , ,54, , , ,27, , , , , , , , , 
1219.308, , , , , ,23, , , , , , , , , , 
1219.518, , , , , , , , , , , , , , , ,10
1219.798, , , , , , , , , , , , , , ,47, 
1220.056, , , , , , ,27,12, , , , , , , , 
1220.982, , , , , ,22, , , , , , , , , , 
1222.232, , ,53, , , , , , , , , , , , , 
1223.488, , , , , , , , , , , , ,4, , , 
1223.87, , ,52, , , , , , , , , , , , , 
1224.59, , , , , , , , , ,6, , , , , , 
1225.212, , , , , , , , , , , , , , , ,9
1225.624, , ,51, , ,23, , , , , , , , , , 
1226.964, , , , , , ,29, , , , , , , , ,10
1227.088,61, , , , , , , , , , , , , , , 
1228.688, , , , ,10, ,28, , , , , , , , , 
1228.876,60, , , , , , , , , , , , , , , 
1229.542, , ,50, , , , , , , , , , , , , 
1229.644, , , , , , , , , , , ,18, , , , 
1230.45, , , , , , ,29, , , , , , , , , 
1231.004, , , , , , , , , , , , , , ,46, 
1231.25, , ,49, , ,24, , , , , , , , , , 
1232.802, , ,48, , ,25, , , , , , , , , , 
1233.966, , , , , , ,28, , , , , , , , , 
1234.464, , , , , , , ,13, , , , , , , , 
1234.6, , , , , ,23, , , , , , , , , , 
1235.056, , , , , , , , , , , ,17, , , , 
1235.64, , , , , , ,29, , , , , , , , , 
1235.968, , , , , , , , , , , , ,5,1, , 
1236.266, , , , , ,24, , , , , , , , , , 
1237.014, , ,47, , , , , , , , , , , , , 
1237.392, , , , , , ,29, , , , , , , , , 
1237.572, , , , , , , , , , , , , ,0, , 
1238.044, , , , , ,25, , , , , , , , , , 
1238.668, , ,46, , , , , , , , , , , , , 
1239.116, , , , ,11, ,30, , , , , , , , , 
1240.868, , , , , , ,29, , , , , , , , , 
1241.37, , , , , , , ,14,35, , , , , , , 
1241.808, , , , , , , , , ,7, , , , , , 
1242.516, , ,45, , , , , , , , , , , , , 
1242.636, , , , , , ,30, , , , , , , , , 
1243.06, ,83, , , , , ,13, , , , , , , , 
1244.266, , ,44, , , , , , , , , , , , , 
1244.344, , , , , ,26,30, , , , , , , , , 
1244.812, ,84, , , , , , , , , , , , , , 
1245.624, , , , , , , , , ,6, , , , , , 
1245.682, , , , ,10, , , , , , , , , , , 
1246.068, , , , , , ,30, , , , , , , , ,11
1246.344, , , , , , , , , , , , , , ,47, 
1247.82, , ,43, , , ,29, , , , , , , , , 
1248.446, , , , , , , ,14,34, , , , , , , 
1249.238, , , , ,11, , , , , , , , , , , 
1249.572, , ,42, , , ,30, , , , , , , , , 
1250.152, , , , , , , , , ,7, , , , , , 
1251.324, , , , , , ,30, , , , , , , , , 
1252.05, , , , , ,27, , , , , , , , , , 
1253.076, , , , , , ,30, , , , , ,6, , , 
1253.698, , ,41, , , , , , , , , , , , , 
1254.22, , , , , , , , ,35, , , , , , , 
1254.828, , , , , , ,30, , , , , , , , ,12
1254.996, , , , , , , ,15, , , , , , , , 
1255.48, , ,40, , , , , , , , , , , , , 
1255.76, , , , , , , , , , , , , , ,46, 
1257.326, , , , , , , , , , , ,16, , , , 
1257.828, , , , , , , , , , , , ,5, , , 
1258.556, , , , ,12, ,31, , , , , , , , , 
1259.954, ,83, , , , , , , , , , , , , , 
1260.084, , ,39, , , , , , , , , , , , , 
1261.836, , ,38, , , , , , , , , , , , , 
1262.196, , , , , ,28, , , , , , , , , , 
1263.034, , , , , , , , , , , , , ,1, , 
1263.834, , , , , ,29, , , , , , , , , , 
1264.818, , , , , , , , , , , , , ,0, , 
1265.34, , , , , , , , , , , ,17, , , , 
1266.196, , , , , , , , , ,8, , , , , , 
1266.598, , ,37, , , , , , , , , , , , , 
1267.1, , , , , , ,32, , , , , , , , , 
1267.3, ,84, , , , , , , , , , , , , , 
1268.31, , ,36, , , , ,16, , , , , , , , 
1268.844, , , , , , ,33, , , , , ,6, , , 
1270.596, , , , , , ,32, , , , , , , ,47, 
1271.182, , , , , , , , , ,7, , , , , , 
1272.348, , , , , , ,33, , , , , , , , , 
1272.948, , , , , , , , , ,8, , , , , , 
1273.402, , ,35, , , , , , , , , , , , , 
1274.116, , , , , ,30, , , , , , , , , , 
1275.196, , ,34, , , , , , , , , , , , , 
1275.618, , , , ,13, , , , , , , , , , , 
1276.326, ,83, , , , , , , , , , , , , , 
1277.662, , , , , , , , ,36, , , , , , , 
1277.996, , , , , , , , , , , , , , , ,13
1278.564, , , , , , , , , ,7, , , , , , 
1279.104, , , , , , ,32, , , , , , , , , 
1279.668, , , , , , , , , , , ,16, , , , 
1280.288, , , , , , , , , ,8, , , , , , 
1280.604, , ,33, , , , , , , , , , , ,46, 
1280.884, , , , , , ,33, , , , , , , , , 
1281.982, , , , , , , , , ,7, , , , , , 
1283.422, , , , , ,31, , , , , , , , , , 
1283.872, , , , ,14, , , , , , , , , , , 
1284.378, , ,32, , , , , , , , , , , , , 
1284.722, , , , , , ,34, , , , , , , , , 
1286.1, ,82, , , , , , , , , , , , , , 
1286.688, , , , , , , ,17, , , , , , , , 
1287.742, ,83, , , , , , , , , , , , , , 
1288.264, , ,31, , , , , , , , , , , , , 
1288.462, , , , , , , ,16, ,8, , , , , , 
1288.984, , , , , , ,34, , , , ,17, , , , 
1291.354,60, , , , , , , , , , , , , , , 
1292.23, , ,30, , ,32, , , , , , , , , , 
1292.656, , , , , , , ,17, , , , , , , , 
1292.782, , , , , , ,35, , , , , , , , , 
1292.86, ,82, , , , , , , , , , , , ,47,14
1293.666, , , , , , , , , ,8, , , , , , 
1293.966, , , , , ,33, , , , , , , , , , 
1294.58, , , , , , ,34, , , , , , , , , 
1294.942,59, , , , , , , , , , , , , , , 
1295.684, , , , , ,32, , , , , , , , , , 
1296.24, , , , , , ,35, , , , , , , , , 
1296.382, , ,29, , , , , , , , , , , , , 
1296.672,60, , , , , , , , , , , , , , , 
1297.468, , , , , ,33, , , , , , , , , , 
1298.464,59, , , , , , ,18,37, , , , , , , 
1298.598, , , , , , , , , , , , ,7, , , 
1299.262, , , , , ,34, , , , , , , , , , 
1299.322, , , , ,15, , , , , , , , , , , 
1300.12,60, , , , , , , , , , , , , , ,15
1300.702, , ,28, , , , , , , , , , , , , 
1300.928, , , , , ,33, , , , , , , , , , 
1301.788,59, , , , , , , , , , , , , , , 
1302.432, , , , , , ,37, , , , , , , , , 
1302.642, , , , , ,34, , , , , , , , , , 
1303.432, , , , , , , , , , , , , ,1, , 
1303.582,60, , , , , , , , , , , , , , , 
1304.214, , , , , , ,37, , , , , , , , , 
1305.198, , ,27, , , , , , , , , , ,0, , 
1305.28, , , , , , , , ,36, , , , , , , 
1305.352,59, , , , , , , , , , , , , , , 
1305.396, , , , , , , , , , , , , , ,46, 
1305.996, , , , , , ,36, , , , , , , , , 
1307.08,60, , , ,16, , , ,37, , , , , , , 
1307.778, , , , , , ,37, , , , , , , , , 
1308.622,59, , , ,15, , , , , , , ,6, , , 
1309.004, , , , , , , , , ,9,5, , , , , 
1309.458, , , , , , , , , , , , , , , ,14
1309.56, , , , , , ,37, , , , , , , , , 
1309.61, , , , , , , ,19, , , , , , , , 
1309.724, , ,26, , , , , , , , , , , , , 
1311.334, , , , , ,35, , , , , , , , , , 
1312.222, , , , , , , , , , , , ,7, , , 
1313.672, , , , , , , , , , , , , , ,47, 
1313.972, , , , , , , , , , , , , , , ,15
1314.052, , , , ,16, , , , , , , , , , , 
1314.442, , ,25, , , , , , , , , , , , , 
1316.628, , , , , , ,38, , , , , , , , , 
1317.8, , , , , , , , ,38, , , , , , , 
1319.422, , ,24, , ,36, , , , , , , , , , 
1320.286, , , , , , , ,20, , , , , , , , 
1320.598, , , , , , , , , , , , , , , ,16
1321.03, , , , ,17, , , , , , , , , , , 
1321.314, , , , , , ,38, , , , , , , , , 
1322.754, , , , , , , , , , , , , ,1, , 
1323.452, , , , , , , , ,37, , ,16, , , , 
1324.462, , , , , , , , , , , , , ,0, , 
1324.762, , ,23, , , , , , , , , , , , , 
1325.182, , , , , , , , ,38, , , , , , , 
1325.508, , , , , , ,39, , , , , ,8, , , 
1326.126, ,81, , , , , , , , , , , , , , 
1327.29, , , , , , ,39, , , , , , , , , 
1327.39, , , , , ,37, , , , , , , , , , 
1327.78, ,82, , , , , , , , , , , , , , 
1329.072, , , , , , ,40, , , , , , , , , 
1329.812, , , , , , , , , , , ,17, , , , 
1330.132, , ,22, , , , , , , , , , , ,47, 
1330.66, , , , , , , ,21, , , , , , , , 
1330.854, , , , , , ,40, , , , , , , , , 
1330.888, , , , , , , , , , , , ,7, , , 
1331.662, , , , , , , , , ,8, , , , , , 
1332.636, , , , , , ,39, , , , , , , , , 
1333.386, , , , , , , , , ,9, , , , , , 
1333.54, , , , , , , , , , , , , , , ,17
1334.418, , , , , , ,40, , , , , , , , , 
1334.542, , , , ,18, , , , , , , , , , , 
1334.988, , , , , ,38, , ,39, , , , , , , 
1335.708, , ,21, , , , ,22, , , , , , , , 
1336.2, , , , , , ,40, , , , , , , , , 
1337.484, , , , , , , ,21, , , , , , , , 
1337.982, , , , , , ,41, , , , , , , , , 
1338.142, , , , , , , , , , , , ,8, , , 
1339.196, , , , , , , ,22, , , , , , , , 
1339.764, , , , , , ,40, , , , , , , , ,18
1341.022, , , , ,19, , , ,38, , , , , , , 
1341.546, , , , , , ,41, , , , , , , , ,16
1341.742, , ,20, , , , , , , , , , , , , 
1342.462, ,81, , , ,39, , , , , , , , , , 
1342.804, , , , ,18, , , ,39, , , , , , , 
1343.328, , , , , , ,40, , , , , , , , , 
1345.094, , , , , , ,39, , , , , , , , , 
1345.65, , , , , , , , , , , ,16, , , , 
1345.928, , , , , , , ,23, , , , , , , , 
1346.062, , , , , , , , , , , , , , , ,17
1347.57, , , , ,19, , ,22, , , , , , , , 
1347.98, , ,19, , , , , , , , , , , , , 
1348.05, ,82, , , , , , , , , , , , , , 
1348.7, , , , , , ,40, , , , , , , , , 
1349.034, , , , , , , , , , , , , , ,48, 
1349.268, , , , , , , ,23, , , , , , , , 
1350.264, , , , , ,40, , , , , , , , , , 
1351.102, , , , , , , , ,40, , , , , , , 
1352.274, , , , , , ,41, , , , , , , , ,18
1352.542, , , , , , , , , ,10, , , , , , 
1353.982, , , , ,20, ,40,22, , , , , , , , 
1354.298, , , , , , , , , ,9, , , , ,47, 
1354.502, , ,18, , , , , , , , , , , , , 
1355.738, , , , , , ,41,23, , , , , , , , 
1356.596, , , , , , , , , , , , , ,1, , 
1356.914,59, , , , , , , , , , , , , , , 
1357.472, , , , , , , ,22, , , , , , , , 
1357.712, , , , , ,41, , , , , , , , , , 
1358.358, , , , ,20, , , , ,10, ,17, , , , 
1359.042, ,81, , , , , , , , , , , , , , 
1359.174, , , , , , , ,23, , , , , , , , 
1359.338, , , , , , ,42, , , , , , , , , 
1360.57,58, , , , , , , , , , , , , , , 
1361.122, , , , , , ,41, , , , , , , , , 
1361.308, , , , , ,40, , , , , , , , , , 
1361.46, , ,17, , , , , , , , , , , , , 
1362.218,59, , , , , , , , , , , , , , , 
1362.478, , , , , , , , , , , , ,9, , , 
1362.996, , , , , ,41, , , , , , , , , , 
1363.998,58, , , , , , , , , , , , , , , 
1364.418, , , , , , , , , , , , , , ,48,19
1364.706, , , , , , ,42, , , , , , , , , 
1364.782, , , , , , , , , , , ,18, , , , 
1365.522,59, , , , , , ,24, , , , , ,0, , 
1366.144, , , , ,21, , , , , , , , , , , 
1366.498, , , , , , ,41, , , , , , , , , 
1366.538, , , , , ,42, , , , , ,17, , , , 
1366.788, ,82, , , , , , ,41, , , , , , , 
1367.266,58, , , , , , ,23, , , , , , , , 
1368.228, , , , , ,41,42, , , , , , , , , 
1368.706, , ,16, , , , , , , , , ,8, , , 
1369.038,59, , , , , , ,24, , , , , , , , 
1369.894, , , , , ,42, , , , , , , , , , 
1370.674,58, , , , , , , , , , , , , , , 
1372.402,59, , , , , , , , , , , , , , , 
1373.042, , , , , , , , , , , , , , , ,18
1373.476, , , , , , , , , , , , , ,1, , 
1374.142,58, , , , , , , , , , , , , , , 
1374.28, , , , , , , , , , , , ,9, , , 
1374.83, , , , , , , , , , , , , , , ,19
1374.862, ,81, , , , , ,25, , , , , , , , 
1375.246, , , , , , , , , , , , , ,0, , 
1375.686, , , , , ,43, , , , , , , , , , 
1375.742, , , , , , ,43, , , , , , , , , 
1375.884, , , , , , , , , ,9, , , , , , 
1376.302, , ,15, , , , , , , , , , , , , 
1376.65, , , , , , , ,24, , , , , , , , 
1377.446, , , , , ,43, , , , , , , , , , 
1377.938, , , , ,22, , , , , , , , , , , 
1378.356, , , , , , , ,25, , , , , , , , 
1379.206, , , , , ,44, , , , , , , , , , 
1380.978, , , , , ,43, , , , , , , , , , 
1381.454, , , , , , , , , ,10, , , , , , 
1381.59, , , , , , , , ,42, , , , , , , 
1381.81, , , , , , , , , , , , , , , ,20
1382.7, , , , , ,44, , , , , , , , , , 
1382.782, , , , , , ,44, , , , , , , , , 
1383.202, , , , , , , , , ,9, , , , , , 
1384.876, ,82,14, , , , , , , , , , , , , 
1387.016, , , , , , , , , ,10, , , , , , 
1388.14, , , , , , , , , , , , ,8, , , 
1388.692, , , , , , , ,26,43, , , , , , , 
1389.626, , , , ,23, , , , , , , , , , , 
1390.084, , , , , , ,44, , , , , , , , , 
1390.362, , , , , , , , ,42, , , , ,1, , 
1391.21, ,81, , , , , , , , , , , , , , 
1392.93, , , , , ,45, , , , , , , , , ,21
1393.582, , ,13, , , ,45, , , , , , , ,49, 
1395.19, , , , ,24, , , , , , , , , , , 
1395.742, , , , , , , , ,43, , , , , , , 
1396.896, , , , ,23, , , , , , , ,9, , , 
1397.878, , , , , , , ,27, , , , , , , , 
1398.986, , , , , , , , , , , , , ,0, , 
1399.586, , , , , ,46, , , , , , , , , , 
1400.86, , , , ,24, , , , , , , , , , ,20
1401, , , , , , , , , , , , ,8, , , 
1401.154, , , , , , ,46, , , , , , , , , 
1401.382, , , , , ,45, , , , , , , , , , 
1402.324, ,82, , , , , , ,44, , , , , , , 
1402.384, , , , , , , , , , , , , , ,48, 
1402.658, , , , , , , , , , , , , , , ,21
1402.942, , , , , , ,45, , , , , , , , , 
1403.062, , , , , ,46, , , , , , , , , , 
1403.322, , ,12, , , , , , , , , , , , , 
1404.606, , , , , , ,46, , , , , , , , , 
1406.226, , , , ,25, , , ,43, , , , , , , 
1406.542, , , , , , , ,28, , , , , , , , 
1407.322, ,81, , , , , , , , , , , ,1, , 
1407.468, , , , , , , , , , , , , , ,49, 
1407.906, , , , , , , , , , , , ,9, , , 
1407.982, , , , , , , , ,44, , , , , , , 
1409.098, ,80, , , , , , , , , , , , , , 
1409.658, , , , , , , , , , , , , , , ,22
1410.068, , , , , , , , , , , ,16, , , , 
1412.178, , , , , , , , , , , , , ,0, , 
1412.708, , , , , ,47, , , , , , , , , , 
1413.47, , ,11, , , , , , , , , , , , , 
1413.788, , , , , , ,47, , ,10, , , , , , 
1414.462, , , , , ,46, , , , , , , , , , 
1415.216, , , , , , , , ,45, , , , , , , 
1415.398, , , , , , , , , , , ,17, , , , 
1415.556, , , , , , ,46, , , , , , , , , 
1415.964, , , , , ,47, , , , , , ,8, , , 
1417.342, , , , ,26, ,47, , , , , , , , , 
1417.762, , , , , , , , , , , , ,9, , , 
1418.782, , , , , , , , , ,11, , , , , , 
1419.202, ,81, , , , , , , , , , , , , , 
1420.222, , , , , , , , , , , , , , ,50,23
1420.564, , , , , , , , , ,10, , , , , , 
1420.994, ,80, , , , , , , , , , , , , , 
1422.358, , , , , , , , , , , , , ,1, , 
1423.536, , , , , , , ,29, , , , , , , , 
1423.998, , , , , ,48, , , , , , , , , ,22
1424.844, , , , , , ,48, , , , , , , , , 
1424.962, , ,10, , , , , , , , , , , , , 
1425.262, , , , , , , ,28, , , , , , , , 
1425.682, , , , , , , , , , , , , , ,49, 
1426.534, , , , , , ,46, , , , , , , , , 
1426.994, , , , , , , ,29, , , , , , , , 
1427.16, , , , , , , , , ,9, , , , , , 
1427.942, , , , ,27, , , ,46, , , , ,0, , 
1428.142, , , , , , ,47, , , , , , , , , 
1428.862, , , , , , , , , ,10, , , , , , 
1430.796,57, , , , , , , , , , , , , , ,23
1431.9, , , , , , ,48, , , , , , , , , 
1432.394, , , , , , , , , , , ,16, , , , 
1432.462,58, , , , , , , , , , , , , , , 
1432.89, , , , , , , , , , , , , , ,50, 
1434.028, , , , , , , , ,47, , , , , , , 
1434.222,57, , , , , , , , , , , , , , , 
1435.23, ,81, , , , , , , , , , , , , , 
1435.778, , , , , , , , ,46, , , , , , , 
1435.92,58, , , , , , , , , , , , , , , 
1436.062, , , , , , , ,30, , , , , , , , 
1436.594, , , , , ,49, , , , , , , , , , 
1436.782, ,80, , , , , , , , , , , , , , 
1437.274, , ,9, , , , , , , , , , ,1, , 
1437.688,57, , , , , , , , , , , , , , , 
1438.358, , , , ,28, , , , , , , , , , , 
1439.424,58, , , , , ,49, , , , , ,10, , , 
1440.106, , , , , , , , ,47, , , , , , , 
1440.382, , , , , , , , , , , ,17, , , , 
1441.222,57, , , , ,49,48, , , , , , , , ,24
1442.994,58, , , , , ,49, , , , , , , , , 
1443.982, , , , , , , , , , , , ,9, , , 
1444.026, , , , , , , , , , , ,18, , , , 
1444.516, , , , , , , ,31, , , , , , , , 
1444.702,57, , , , , , , , , , , , , , , 
1445.162, , , , , , , , , , , , , , ,51, 
1445.422, , , , , , , , , , , , , ,0, , 
1445.918, , , , , , , , ,48, , , , , , , 
1446.26, , , , , , , ,30, , , , , , , , 
1446.898, , , , , , , , , , , , , , ,50, 
1448.05, , , , , , , ,31, , , , , , , , 
1448.364, , , , , , , , , , , , , , , ,23
1448.668, , , , ,29, , , , , , , , , , , 
1449.742, , , , , , , , , , , , ,10, , , 
1450.07, , , , , , , , , , , , , , , ,24
1450.562, , , , , ,50, , , , , , , , , , 
1450.906, , , , , , , , , , , , , ,1, , 
1451.182, ,81,8, , , , , , , , , , , , , 
1452.36, , , , , ,49, , , , , , , , , , 
1452.908, ,80, , , , , , , , , , , , , , 
1453.342, , , , , , , , , , , ,17, , , , 
1454.062, , , , , , ,50, , , , , , , , , 
1455.692, , , , , , ,49, , , , , , , , , 
1456.554, , , , , , , , , , , , , , , ,25
1456.706, , , , , ,50, ,32, , , , , , ,51, 
1457.014, , , , , , , , , , , , ,9, , , 
1457.426, , , , , , , , ,49, , , , , , , 
1458.27, , , , , , , , , , , , , , , ,24
1458.48, , , , , ,49, , , , , , , , , , 
1458.782, , , , , , , , , , , , ,10, , , 
1458.866, , , , ,30, , , , , , , , , , , 
1459.146, , , , , , ,50, , , , , , , , , 
1459.868, , , , , ,50, , , , , , , , , ,25
1465.182, , , , , , ,51, , , , , , , , , 
1466.406, , , , , , , , , , , , , , , ,26
1466.828, , ,7, , , , , , , , , , , , , 
1466.898, , , , , , ,50, , , , , , , , , 
1467.032, , , , , ,51, , , , , , , , , , 
1467.848, , , , , , , , , , , , , , ,52,25
1468.822, , , , ,31, , , ,50, , , , , , , 
1469.612, , , , , , , , , , , , , , ,51,24
1470.622, , , , , , ,51, , , , , , , , , 
1471.342, , , , , ,50, , , , , , , , , ,25
1472.314, , , , , , ,50, , , , , , , , , 
1473, , , , , ,51, , , , , , , , , , 
1473.502, , , , , , , , , ,9, , , , , , 
1474.018, , , , , , ,51, , , , , , , , , 
1474.454, , , , , , , , ,51, , , , , , , 
1476.186, , , , , , , , ,50, , , , , , , 
1476.416, , , , , , , , , , , , , , , ,26
1476.62, , , , , , , ,33, , , , , , , , 
1477.91, , , , , , , , , , , , , ,2, , 
1478.204, , , , , , , , , , , , , , , ,25
1478.346, , , , , , , ,32, , , , , , , , 
1478.892, , , , ,32, , , , , , , , , , , 
1479.262, , , , , , , , , , , , ,11, , , 
1479.606, , , , , , , , , , , , , , ,52, 
1479.936, , , , , , , , ,51, , , , , , , 
1479.982, , , , , , , , , , , , , , , ,26
1480.05, , , , , , , ,33, , , , , , , , 
1481.006, , , , , , , , , , , , ,10, , , 
1481.622, ,80, , , , , , , , , , , , , , 
1481.838, , , , , , ,52, , , , , , , , , 
1483.582, , , , , , ,51, , , , , , , , , 
1484.468, , , , , , , ,33, , , , , , , , 
1484.646, , ,6, , , , , , , , , , , , , 
1485.082, , , , , , ,52, ,52, , , , , , , 
1486.16, , , , , , , , , , , , , , , ,27
1486.29, , , , , ,52, , , , , , , , , , 
1487.902, , , , , ,51, , , , , , , , , ,26
1488.316, , , , , , , ,34, , , , , , , , 
1488.866, , , , ,33, , , , , , , , , , , 
1488.958, , , , , , , , , , , , ,11, , , 
1489.696, , , , , , , , , , , , , , , ,27
1490.18, , , , , , , , , , , ,18, , , , 
1490.618, , , , ,32, , , , , , , , , , , 
1490.862, , , , , , , , , , , , , , ,53, 
1491.494, , , , , , , , , , , , , , , ,26
1492.184, , , , , ,52, , , , , , , , , , 
1492.222, , , , ,33, , , , , , , , , ,52, 
1492.942, , , , , , , , , , , , ,10, , , 
1493.984, , , , , ,51, , , , , , , , , , 
1495.47, , , , , , , , , , , ,17, , , , 
1495.658, , , , , , , , , , , , , , , ,27
1495.822, ,81, , , , , ,35,53, , , , , , , 
1496.736, , , , , , ,53, , , , , , , , , 
1497.406, , , , , , , , , , , , , , , ,26
1497.582, ,80, , , , , ,34, , , , , , , , 
1497.842, , , , , ,52, , , , , , , , , , 
1498.466, , , , , , ,52, , , , , ,11, , , 
1498.55, , , , ,34, , , , , , , , , , , 
1499.01, , , , , , , , , , , , , , , ,27
1499.266, , , , , , , ,35, , , , , , , , 
1499.542, , , , , ,51, , , , , , , , , , 
1500.142, , , , ,33, , , , , , , , , , , 
1501.004, , , , , , , , ,54, , ,18, , , , 
1501.694, , , , , , , , , , , , , , ,53, 
1501.922, , , , ,34, , , , , , , , , , , 
1502.46, , , , , , , , , , , , , ,3, , 
1502.786, , , , , , , , ,53, , , , , , , 
1503.632, , , , , ,52, , , , , , , , , , 
1503.878, , , , , , , , , , , , ,10, , , 
1504.462, , , , , , , , ,54, , , , , , , 
1505.182, , ,5, , , , , , , , , , , , ,28
1505.406, , , , , ,51, , , , , , , , , , 
1506.206, , , , , , , , , , ,6, , , , , 
1506.89, , , , , , , , , , , , , , , ,27
1507.662, , , , , , , ,36, , , , , , , , 
1508.162, , , , , , , , , , , , ,11, , , 
1508.658, , , , , , , , , , , , , , , ,28
1509.42, , , , , ,52, ,35, , , , , , , , 
1510.018, ,81, , , , , , , , , , , , , , 
1511.198, , , , , ,51, , , , , , , , , , 
1511.298, , , , , , , , ,55, , , , , , , 
1511.708, ,80, , , , , , , , , , , , , , 
1512.002, , , , , , , , , , , , , , ,54, 
1512.986, , , , , , , , , , , , , , , ,27
1513.17, , , , ,35, , , , , , , , , , , 
1513.764, , , , , , , , , , , , , , ,53, 
1514.73, , , , , , , , , , , , , ,4, ,28
1514.886, , , , , , , , , , , , ,10, , , 
1515.154, , , , , ,52, , , , , , , , , , 
1515.262, , , , , , ,53, , , , , , , , , 
1516.094, , , , , , , , , , , ,19, , , , 
1516.376, , , , , , , , , , , , , , , ,27
1516.662, , , , , , , , , , , , ,11, , , 
1516.718, , , , , ,51,52, , , , , , , , , 
1517.514,57, , , , , , , , , , , , , , , 
1518.142, , , , , , , , , , , , , , , ,28
1518.372, , , , , ,52,53, , , , , , ,3, , 
1521.246,56, , , , , , , , , , , , , , , 
1521.458, , , , , , , , ,56, , , , , , , 
1522.488, , , , , , , , , , , , , , ,54, 
1522.934,57, , , ,36, , ,36, , , , , ,2, , 
1523.462, ,81, , , , , , , , , , , , , , 
1524.538, , , , , , ,52, , , , , , , , , 
1524.682,56, , , , , , ,35, , , , , , , , 
1524.986, , , , , , , , , , , ,20, , , , 
1525.258, ,80, , , , , , , , , , , , , , 
1525.402, , , , , , , , , , , , ,10, , , 
1526.328, , , , , , ,53, , , , , , , , , 
1526.446,57, , , , , , ,36, , , , , , , , 
1528.038, , , , , , ,52, , , , , , , , , 
1528.222,56, , , , , , , , , , , , , , , 
1528.49, , , , , , , , , ,8, , , ,3, , 
1528.974, , , , , , , , , , , , , , , ,29
1529.662, , , , , , ,53, , , , , , , , , 
1529.916,57, , , , , , , , , , , , , , , 
1530.212, , ,4, , , , , , , , , , , , , 
1531.284,56, , , , , ,52, ,57, , , , , , , 
1532.542, , , , ,37, , , , , , , , , ,55, 
1532.68, , , , , , , , , , , , , , , ,28
1533.518, , , , , ,52, , , , , , , , , , 
1534.132, , , , ,36, , ,37, , , , , , ,54, 
1535.1, , , , , , , , , , , ,19, , , , 
1535.828, , , , ,37, , ,36, , , , , , , , 
1536.43, , , , , , , , ,58, , , , , , , 
1537.582, , , , , , , ,37, , , , , , , , 
1538.726, , , , , , , , , , , , , , , ,29
1540.948, , , , , ,51, , , ,7, , , , , , 
1541.182, ,79, , , , , , , , , , , , , , 
1542.198, , , , , , , , , , , , , ,4, , 
1542.622, , , , , ,52, , , ,8, , , , , , 
1542.78, , , , , , , , , , , , , , ,55, 
1544.364, , , , , , , , , ,7, , , , , , 
1545.11, , , , , , , , , , , ,20, , , , 
1546.122, , , , , , , , ,59,8, , , , , , 
1546.372, , , , , ,50, , , , , , , , , , 
1547.258, , , , ,38, , , , , , , , , , , 
1547.662, , , , , , , , , ,7, , , , , , 
1548.152, , , , , ,51, , , , , , , , , , 
1548.382, , , , , , , , , , , , , , , ,30
1548.474, , , , , , ,52, , , , ,21, , , , 
1549.342, ,80, , , , , , , , , , , , , , 
1549.918, , , , , ,52, , , , , , , , , , 
1549.98, , , , , , , ,38, , , , , , , ,29
1551.652, , , , , ,51, , , , , , , , , , 
1551.76, , , , , , , ,37, , , , , , , , 
1552.26, , , , , , ,52, , , , , , , , , 
1552.836, , , , , , , , , , , , , , ,56, 
1553.11, , , , , , , , , , , ,20, , , , 
1553.54, , , , , , , ,38, , , , , , , , 
1554.02, , , , , , ,51, , , , , , , , , 
1554.862, ,79, , , , , , , , , , , , , , 
1555.33, , , , , ,51, ,37, , , , , , , , 
1555.62, , , , , , , , ,60, , , , , , , 
1555.696, , , , , , , , , , , , , ,5, , 
1556.408, , , , , , , , , , , , , , ,55, 
1557.104, , , , , ,50, , , , , , , , , , 
1558.88, , , , , ,50, , , , , , , , , , 
1560.302, , , , , , , , ,61, , , , , , , 
1561.38, , ,3, , , , , , , , , , , , , 
1561.826, ,80, , , , , , , , , , , , , , 
1562.062, , , , , , , , ,60, , , , , , , 
1562.348, , , , ,39, , , , , , , , , , , 
1562.878, , , , , , , , , , , , , , ,56, 
1563.1, , , , , , , , , , , , , , , ,30
1563.618, , , , , , ,51, ,61, , , , , , , 
1564.676, , , , , , , , , ,6, , , , , , 
1565.662, , , , , , , ,38, , , , , , , , 
1565.816, , , , , ,50, , , , , , , , , , 
1566.382, , , , , , , , , ,7, , , , , , 
1567.002, , , , , , , , , , , ,21, , , , 
1567.404, , , , , , , ,37, , , , , , , , 
1567.55, , , , , ,50, , , , , , , , , , 
1568.054, , , , , , , , , ,6, , , , , , 
1568.726, ,79, , , , , , , , , , , , , , 
1569.18, , , , , , , ,38, , , , , , , , 
1569.284, , , , , ,49, , , , , , , , , , 
1569.43, , , , , , ,50, , , , , , , , , 
1569.982, , , , , , , , ,62, , , , , , , 
1570.974, , , , , ,49, , , , , , , , , , 
1571.2, , , , , , ,51, , , , , , , , , 
1572.18, , , , ,39, , , , , , , , , , , 
1572.708, , , , , ,49, , , , , , , , , , 
1572.93, , , , , , ,50, , , , , , , ,57, 
1573.83, ,80, , , , , , , , , , , , , , 
1574.442, , , , , ,49, , , , , , , , , , 
1575.216, , , , , , , , , , , , , ,4, ,29
1576.874, , , , , , , , , , , , , , ,56,30
1577.498, , , , ,40, , , , , , , , , , , 
1578.762, , , , , , ,50, , , , , , , , , 
1579.372, , , , , ,50, , , , , , , , , , 
1579.512, , , , , , , , ,63, , , , , , , 
1580.558, , , , , , ,48, , , , , , , , , 
1581.108, , , , , ,49, , , , , , , , , , 
1582.548, ,79, , , , , , , , , , , , ,57, 
1582.75, , , , , , , , , , , , , ,5, , 
1582.892, , , , , ,48, , , , , , , , , , 
1583.984, , , , , , , , , ,5, , , , , , 
1585.51, , , , , , , , , ,6, , , , , , 
1585.822, , , , , , , ,39, , , , , , , , 
1586.27, ,80, , , , , , , , , , , , , , 
1586.334, , , , , , ,48, , , , , , , , , 
1587.286, , , , , , , ,38, ,5, , , , , , 
1588.34, , , , , , , , , , , , , , , ,31
1588.756, , , , , , , ,39,64, , , , , , , 
1589.658, , , , , ,47, , , , , , , , , , 
1590.12, , , , , , ,48, , , , , , , , ,30
1591.3, , , , , ,47, , , , , , , , , , 
1591.824, , , , , , ,47, , , , , , , , ,29
1591.922, , , , , , , , , , , ,22, , , , 
1592.7, , , , , , , , , , , , , , ,58, 
1593.022, , , , ,41, , , , , , , , , , , 
1593.58, , , , , , , , , , , , , , , ,30
1594.122, , , , , , , , , , , , ,9, , , 
1594.798, , , , ,40, , , , , , , , , , , 
1595.902, ,79, , , , , , , , , , ,10, , , 
1596.504, , , , , , , , , , , ,23, , , , 
1596.862, , , , , , , , , , , , , , ,57, 
1597.446, , , , , , ,46, , , , , , ,6, , 
1597.692, ,80, , , , , ,38, , , , , , , , 
1598.062, , , , , ,46, , , , , , , , , , 
1598.272, , , , ,41, , , ,65, , , , , , , 
1598.91, , , , , , ,46, , ,4, , , , , , 
1600.708, , , , , , , , , ,5, , , , , , 
1602.382, , , , , , , , , ,4, , , , ,58, 
1602.898, , ,2, , , , , , , , , , , , , 
1603.212, , , , , , , , ,66, , , ,9, , , 
1604.574, , , , , ,45,45, , , , , , , , ,31
1604.894, , , , , , , , ,65, , , , , , , 
1605.372, , , , , , , , , , , ,22, , , , 
1606.246, , , , , , , , , , , , , , , ,30
1606.576, , , , , , , , ,66, , , , , , , 
1606.864, , , , , , , , , , , ,23, , , , 
1608.258, , , , , ,45, , , , , , , , , , 
1608.634, , , , , , , , , , , , ,10, , , 
1608.992, , , , , , ,44, , , , , , , , , 
1609.94, , , , , ,45, , , ,3, , , , , , 
1611.724, , , , , , , , , ,4, , , , , , 
1611.874, , , , , , , , , , , , , , ,59, 
1612.586, , , , , , ,43, ,67, , , ,9, , , 
1613.398, , , , , , , , , ,3, , , , , , 
1614.37, , , , , , ,44, ,66, , , , , , ,30
1614.426, , , , , ,43, , , , , , , , , , 
1615.51, , , , ,42, , , , , , , , , , , 
1616.062, , , , , , ,43, ,67, , , , , , , 
1616.782, , , , , , , , , , , , , , ,58, 
1616.972, , , , ,41, , , , , , , , , , , 
1618.526, , , , , ,44, , , , , , , , , , 
1619.662, , , ,1, , , , , , , , , , , , 
1620.3, , , , , , ,42, , , , , , , , , 
1620.32, , , , , ,43, , , , , , , , , , 
1620.934, , , , , , , , , ,2, , , , , , 
1621.358, , , ,0,42, , , , , , , , , , , 
1621.822, , , , , ,42, , , , , , , , ,59, 
1622.274, , , , , , , , ,68, , , , , , , 
1622.638, , , , , , , , , ,3, , , , , , 
1623.982, , , , , , ,41, , , , , , , , , 
1624.348, , , , , , , , , ,2, , , , , , 
1625.222, , , , ,41, , , , , , , , , , , 
1625.422, , , , , , , , , , , ,24, , , , 
1625.638, , , ,1, , , , , , , , , , , , 
1625.814, , , , , , , , , , , , , ,7, , 
1626.926, , , , ,42, , , , , , , , , , , 
1627.412, , , ,0, , , , , , , , , , , , 
1627.596, , , , , ,41, , , , , , , , , , 
1627.708, , , , , , ,40, , , , , , , , , 
1628.148, , , , , , , , , ,1, , , , , , 
1629.138, , , ,0, , , , , , , , , , , , 
1629.226, , , , , ,40,41, , , , , , , , , 
1629.854, , , , , , , , , ,2, , , , , , 
1630.13, , , , , , , , , , , , , , , ,29
1630.632, , , , , , , , , , , , ,8, , , 
1630.79, , , , , , ,40, , , , , , , , , 
1631.592, , , , , , , , , ,1, , , , , , 
1631.766, , , , , , , , ,69, , , , , , , 
1631.858, ,81, , , , , , , , , , , , , , 
1631.902, , , , , , , , , , , , , , ,60, 
1632.242, , , , , , , , , , , , ,9, , , 
1632.54, , , , , , ,40, , , , , , , , , 
1633.644, ,80, , , , , , , , , , , , , , 
1634.462, , , , , , , , , , , , , , , ,30
1636.222, , , , , , , , , , , , , , ,59,29
1636.942, , , , , , , , , , , ,23, , , , 
1637.072, , , , , ,38, , , , , , , , , , 
1638.33, , , , , , ,39, , , , , , , , , 
1638.682, , , , , ,38, , , , , , , , , , 
1638.902, , , , , , , , , ,0, , , , , , 
1639.61, , , , , , , , , , , , ,8, , , 
1641.094, , , , , , , , , , , , , , , ,30
1641.224, , , , , , , , ,70, , , , , , , 
1641.262, , , , , , , , , , , ,24, , , , 
1641.582, , , , , , , , , , , , , , ,60, 
1642.382, , , , , , ,38, , , , , , , , , 
1642.702, ,81, , , , , , , , , , , ,8, ,29
1642.972, , , ,1, , , , , , , ,25, , , , 
1643.512, , , , , , , ,36, , , , , , , , 
1644.462, , , , , , , , , , , , , ,7, , 
1644.75, , , ,1, , , , , , , , , , , , 
1644.862, , , , , ,37, , , , , , , , , , 
1645.152, , , , , , , ,37, , , , , , , , 
1646.212, , , , , , ,37, , , , , , , , , 
1646.312, , , , , , , , , , , , ,9, , , 
1647.824, , , , , , , , , , , , , , , ,29
1648.024, ,80, , , , , , , , , , ,8, , , 
1648.462, , , , , ,36, , , , , , , , , , 
1649.76, , , , , , , ,36, , , , , , , , 
1649.952, , , , , , ,36, , , , , , , , , 
1651.156, , , , , , , , ,71, , , , , , , 
1651.344, , , , , , , ,37, , , , , , , , 
1651.628, , , , , , , , , , , , , , ,61, 
1651.668,56, , , , , , , , , , , , , , ,28
1652.068, , , , , , , , , , , ,24, , , , 
1653.054, , , , , ,35, ,36, , , , , , , , 
1653.372, ,81, , , , , , , , , , , , , ,29
1653.854, , , , , , ,35, , , , , , , , , 
1654.506, , , , , , , , , , , , , ,6, , 
1654.782, , , , , ,34, , , , , , , , , , 
1655.234, , , , , , , , , , , , , , ,60, 
1656.808, , , , , , , , , , ,5, , , , , 
1657.762, , , , , , ,34, , , , , ,7, , , 
1659.38, , , , , , , , , , , , , , , ,28
1659.508, , , , , , , , , , , ,25, , , , 
1659.65, , , , , ,33, , , , , , , , , , 
1660.832, ,80, , , , , , , , , , , , , , 
1661.028, , , , , , , , , , , , , , , ,29
1661.26, , , , , , , , ,72, , , , , , , 
1661.422, , , , , ,32, , , , , , ,8,7, , 
1661.544, , , , , , ,33, , , , , , , , , 
1662.054, , , , , , , , , , , , , , ,61, 
1662.87, , , , , ,32, , , , , , , , , , 
1663.452,56, , , , , , , , , , , , , , , 
1664.566, , , , , ,31, , , , , , , , , , 
1665.022, , ,1, , , , , , , , , , , , , 
1665.218, , , , , , ,32, , , , , , , , , 
1666.09, , , , , ,31, , , , , , , , , , 
1666.788, , ,2, , , , , , , , , ,7, , , 
1666.908, , , , , , , , , , , , , , , ,28
1667.182,55, , , , , , , , , , , , , , , 
1668.626, , , , , , , ,35, , , , , , , ,27
1668.93,56, , , , , , , , , , , , , , , 
1669.162, , , , , , ,31, , , , , , , , , 
1670.382, , , , , , , ,36, , , , , , , ,28
1670.67,55, , , , , , , , , , , , , , , 
1671.066, , , , , ,29, , , , , , , , , , 
1671.152, , , , , , , , ,73, , , , , , , 
1671.34, , , , , , , , , ,1, , , , , , 
1672.15, , , , , , , ,35, , , , , , , , 
1672.46,56, , , , , , , , , , , , , , , 
1672.668, , , , , , , , , , , ,26, , , , 
1672.844, , ,3,2, , , , , , , , , , , , 
1672.942, , , , , , ,30, ,72, , , , , , , 
1674.23,55, , , , , , , , , , , , , , , 
1674.382, , , , , , , , , , , ,27, , , ,27
1674.724, , , , , , ,29, ,73,0, , , , , , 
1675.6, , , , ,41, , , , , , , , , , , 
1675.864,56, , , , ,28, , , , , , ,6, , , 
1676.476, , , , , , ,28, , , , , , , , , 
1676.542, , ,4, , , , , , , , , , , , , 
1677.352, , , , ,42, , , , , , , , , , , 
1677.474,55, , , , ,28, , , , , , ,7, , , 
1678.228, , ,5, , , ,28, , , , , , , , , 
1678.702, , , ,3, , , , , , , , , , , , 
1679.228,56, , , , ,27, , , , , , , , , , 
1679.538, , , , , , , , , , , , , , , ,28
1679.838, , , , , , , , , ,1, , , , , , 
1680.014, , , , , , ,27, , , , , , , , , 
1680.694, , , , , , , , , , , , , ,6, , 
1681.022,55, , , , , , , , , , , , , , , 
1681.3, , , , , , , , , , , ,26, , , ,27
1681.59, , , , , , ,28, ,74,0, , , , , , 
1682.166, , ,6, , , , , , , , , , , , , 
1682.614, , , ,4, , , , , , , , , , , , 
1682.862, , , , , , , ,34, , , , , , , , 
1682.982, , , , ,41, , , , , , , , , , , 
1683.03, , , , , ,26, , , , , , , , , , 
1683.124, , , , , , ,27, ,73, , , , , ,62, 
1684.33, , , ,5, , , , , , , , , , , , 
1684.564, , , , , , , ,35, , , , , , , , 
1684.77, , , , , ,25, , , , , , , , , , 
1684.886,55, , , , , , , , , , , , , , , 
1685.19, , , , , , , , , , , , ,6, , , 
1686.006, , ,8,5, , , ,34, , , , , , , , 
1686.63, , , , , , , , ,74, , , , , , , 
1687.264, , , , , , ,26, , , , , , , , , 
1687.692, , ,9,6, , , , , , , , , , , , 
1688.912, , , , , ,24, , , , , , , , , , 
1689.244, , ,10,6, , , , , , , , , , , , 
1690.684, , , , , ,23, , , , , , , , , , 
1690.81, , , , , , ,25, , , , , , , , , 
1691.012, , ,11, , , , , , , , , , , , , 
1691.978, , , , , , , , , , , , , , , ,26
1692.44, , , , , , ,25,33, , , , , , , , 
1692.698, , ,12, , , , , , , , , , , , , 
1693.388, , , , , , , , , , , ,27, , , , 
1693.95, , , ,7, , ,23, , , , , , , , , 
1694.458, , , , , , , , , , , , ,5, , , 
1694.65, ,81, , , , , , , , , , , , , , 
1695.008, , , , , , , , , , , ,26, , , , 
1695.416, , , , , , , , , , , , , ,5, , 
1695.54, , , ,8, ,21,22, , , , , , , , , 
1696.326, , ,14, , , , , , , , , , , , , 
1696.896, , , , , , , , , , , , , , , ,25
1697.236, , , , , ,20,22,32, , , , , , , , 
1697.438, , , , ,40, , , ,75, , , , , , , 
1697.918, , ,16, , , , , , , , , , , , , 
1698.164, ,80, , , , , , , , , , , , , , 
1699.606, , ,17, , , , , , , , , , , , , 
1699.932, , , ,9, , , , , , , , , , , , 
1700.808, , , , , , ,21, , , , , , , , , 
1701.046, , ,18, , , , , , , , ,27, , , , 
1701.684, , , ,10,41, , , , , , , , , , ,26
1701.932, , , , , , , , , , , , ,5, , , 
1702.318, , , , , ,19, , , , , , , , , , 
1702.56, , , , , , ,20, , , , , , , , , 
1702.796, , ,20, , , , , , , , , , , , , 
1703.436, , , , ,40, , , , , , , , , , ,25
1703.926, , , , , ,18, , , , , , , , , , 
1704.312, , , , , , ,20, , , , , , , , , 
1704.53, , ,22, , , , , , , , , , , , , 
1704.84, ,81, , , , , , , , , , , , , , 
1705.28, , , ,12, , , , , , , , , , , , 
1705.722, , , , , ,17, , , , , , , , , , 
1706.094, , , , , , ,19, , , , , , , ,63, 
1706.304, , ,23, , , , , , , , , , , , , 
1707.036, , , , , , , ,31, , , , , , , , 
1707.85, , , , , , ,19, , , , , , , , , 
1708.07, , ,25, , , , , , , , , , , , , 
1709.078, , , ,13, , , , ,76, , ,26, , , , 
1709.852, , ,27, , , , , , , , , , , , , 
1710.012, , , , , , , , , , , , , ,4, , 
1710.58, ,80, , , , , , , , , , , , , , 
1710.698, , , , , ,16, , , , , , , , , , 
1710.772, , , ,14, , , , ,75, , , , , , , 
1711.39, , , , , , ,19, , , , , , , ,62, 
1711.64, , ,28, , , , , , , , , , , , , 
1712.444, , , ,15,39,15, , , , , , , , , , 
1712.59, , , , , , , , , , , , , , , ,24
1713.184, , , , , , ,17, , , , , , , , , 
1713.412, , ,31, , , , , , , , , ,4, , , 
1714.22, , , ,16, ,14, , , , , , , , , , 
1714.926, ,81, , , , ,16, ,76, , , , , , , 
1715.13, , , , , , , , , , , , , ,3, , 
1715.2, , ,32, , , , , , , , , , , , , 
1715.992, , , ,17, ,13, , , , , , , , , , 
1716.95, , ,35, , , , ,30, , , , , , , , 
1717.646, , , , , ,12, , , , , , , , , , 
1718.072, , , , , , , , , , , , , , ,63, 
1718.69, , ,37, , , ,15, , , , , , , , , 
1719.346, , , , , ,11, , , , , , , , , , 
1719.662, , , , , , , , , , , , , ,2, , 
1719.68, , , ,19, , , , , , , , , , , , 
1720.152, , , , ,38, , , , , , , , , , , 
1720.464, , ,39, , , , , , , , , , , , , 
1721.254, , , , , , , , , , , , , , , ,23
1721.348, , , ,20, , , , , , , , , , , , 
1721.946, , , , ,39, , , , , , , , , , , 
1722.236, , ,41, , , , ,29, , , , , , , , 
1722.372, , , , , , ,14, , , , , , , , , 
1722.814, ,80, , , , , , , , , , , , , , 
1723.124, , , ,21, , , , , , , , ,3, , , 
1723.526, , , , , , , , , , , , , ,1, , 
1723.85, , ,43, , , , , , , , ,25, , , , 
1724.548, ,81, , , ,9, , , , , , , , , , 
1724.87, , , ,22, , , , , , , , , , , , 
1725.312, , , , , , , , , , , , , ,0, , 
1725.622, , ,45, , , , , , , , , , , , , 
1725.93, , , , , , ,13, , , , , , , , , 
1726.622, , , ,23, , , , , , , , , , , , 
1727.176, , , , , , , , ,77, , , , , , , 
1727.39, , ,47, , , , , , , , , , , , , 
1728.086, , , , ,38, , , , , , , , , , , 
1728.192, , , ,24, , , , , , , , , , , , 
1728.79, , , , , , , , ,76, , , , , , , 
1729.174, , ,49, , , , , , , , , , , , , 
1729.546, , , , , , , , , , , , , , , ,22
1729.842, , , , , ,7,12, , , , ,26, , , , 
1729.926, , , ,25, , , , , , , , , , , , 
1730.816, , ,52, , , , , , , , , , , , , 
1731.622, , , , , ,6, , , , , , , , , , 
1731.726, , , ,27, , , , , , , , , , , , 
1732.482, , ,54, , , , ,28, , , , , , , , 
1733.108, , , , , , , , , , , , ,2, , , 
1733.402, , , , , ,6, , , , , , , , , , 
1733.51, , , ,28, , ,11, , , , , , , , , 
1733.546, , , , , , , , ,77, , , , , , , 
1734.274, , ,55, , , , , , , , , , , , , 
1735.256, , , ,29, , , , , , , , , , , , 
1735.702, , , , , , , , , ,1, , , , , , 
1736.042, , ,57, ,37, , , , , , , , , , , 
1736.856, , , ,30, ,5, , , , , , , , , , 
1737.15, , , , , , ,10, , , , , , , , , 
1737.774, , , , , , , ,27, , , , , , , , 
1737.838, , ,59, , , , , , , , , , , , , 
1738.168, , , , , , , , ,76, , , , , , , 
1738.502, , , , , , , , , , , ,25, , , , 
1738.628, , , ,31, ,4, , , , , , , , , , 
1739.616, , ,61, , , , , , ,0, , , , , , 
1739.866, , , , , , , , ,77, , , , , , , 
1740.06, , , ,33, , , , , , , , , , , , 
1740.774, , , , , , ,9, , , , , , , , , 
1741.362, , ,64, , , , , , , , , , , , , 
1741.852, , , ,34, , , , , , , , , , , , 
1742.46, , , , , ,3, , , , , , , , , , 
1742.704, , , , , , , , , , , , , , , ,21
1743.004, , ,66, , , , ,26, , , ,26,1, , , 
1743.622, , , ,36, , , , , , , , , , , , 
1744.166, , , , ,36,2, , , , , , , , , , 
1744.47, ,82, , , , ,8, , , , , , , , , 
1744.646, , ,67, , , , , , , , , , , , , 
1745.346, , , ,37, , , , , , , , , , ,64, 
1745.838, , , , , ,1, , , , , , , , , , 
1746.208, ,81, , , , , , , , , , , , , , 
1746.348, , ,69, , , , , , , , , , , , , 
1746.862, , , , , , , , , , , , , , , ,20
1747.09, , , ,38, , , , , , , , , , ,63, 
1747.522, , , , , ,0, , , , , , , , , , 
1747.998, , ,70, , , , , , , , , , , , , 
1748.226, , , , , , ,7, , , , , , , , , 
1748.552, , , , , , , ,25, , , , , , , , 
1748.834, , , ,40, , , , , , , , , , , , 
1749.644, , ,72, , , , , , , , , , , , , 
1750.574, , , ,41, , , , , , , , , , , , 
1751.338, , ,73, , , , , , , , , , , , , 
1751.864, , , , , , ,6, , , , , , , , , 
1752.362, , , ,43, , , , , , , , , , , , 
1752.626, , , , ,35, , , , , , , , , , , 
1753.006, , , , , , , , , , , ,25, , , , 
1753.07, , ,75, , , , , , , , , , , , , 
1754.084, , , ,44, , , , , , , , ,0, , , 
1754.262, , , , , , , ,24, , , , , , , , 
1754.4, ,82, , , , , , , , , , , , , , 
1754.8, , ,76, , , , , , , , , , , , , 
1755.45, , , , , , ,5, , , , , , , , , 
1755.862, , , ,45, , , , , , , , , , , ,19
1756.472, , ,78, , , , , , , , , , , , , 
1757.566, , , ,48, , , , , , , , , , , , 
1758.25, , ,79, , , , , , , , , , , , , 
1758.302, , , , , , , , , , , ,26, , , , 
1759.26, , , ,49, , ,4, , , , , , , , , 
1759.406, ,81, , , , , , , , , , , , , , 
1759.82, , ,80, , , , ,23, , , , , , , , 
1760.564, , , , , , , , , , , , , , ,64, 
1761.006, , , ,51, , , , , , , , , , , , 
1761.236, , , , ,34, , , , , , , , , , , 
1761.33, , ,81, , , , , , , , , , , , , 
1762.502, , , ,52, , , , ,78, , , , , , , 
1762.846, , , , , , ,3, , , , , , , , , 
1763.102, , ,82, , , , , , , , , , , , , 
1764.074, ,82, , , , , , , , , , , , , , 
1764.276, , , ,54, , , , ,77, , , , , , , 
1764.634, , , , , , ,2, , , , , , , , , 
1764.874, , ,83, , , , , , , , , , , , , 
1765.132, , , , , , , , , , , , , , , ,18
1765.706, , , , , , , ,22, , , , , , , , 
1766.03, , , ,56, , , , , , , , , , , , 
1766.214, , , , , , , , , , , , , , ,63, 
1766.418, , , , , , ,1, , , , , , , , , 
1766.634, , ,84, , , , , , , , , , , , , 
1767.6, , , , , , , , , , , ,25, , , , 
1767.772, , , ,57, , , , , , , , , , , , 
1768.268, , ,85, , , , , , , , , , , , , 
1769.54, , , ,60, , , , , , , , , , , , 
1769.732, , , , , , , ,21, , , , , , , , 
1769.954, , ,86, , , , , , , , , , , , , 
1770.198, , , , ,33, , , , , , , , , , , 
1770.318, , , , , , ,0, , , , , , , , , 
1771.046, , , , , , , , ,78, , , , , , , 
1771.282, , , ,61, , , , , , , , , , , , 
1771.432, , , , , , , ,20, , , , , , , , 
1771.704, ,81,87, , , , , , , , , , , , , 
1772.004, , , , , , ,1, , , , , , , , , 
1772.78, , , , , , , , ,77, , , , , , , 
1773.078, , , ,64, , , , , , , , , , , , 
1773.492, ,82, , , , , , , , , , , , , , 
1773.798, , , , , , ,0, , , , , , , , , 
1774.678, , , , , , , , , , , , , , , ,17
1774.876, , , ,65, , , , , , , , , , , , 
1776.162, , ,88, , , , , , , , , , , , , 
1776.438, , , , , , , , , , , , , , , ,16
1776.628, , , ,66, , , , , , , , , , , , 
1777.66, , , , , , , ,19, , , , , , , , 
1778.262, , , ,69, , , , , , , , , , , , 
1778.86, , , , , , , , , , , , , , ,64, 
1779.384, , , , ,32, , , , , , , , , , , 
1779.71, , , , , , ,1, , , , , , , , , 
1779.966, , ,89, , , , , , , , , , , , , 
1780.06, , , ,70, , , , , , , , , , , , 
1780.476, , , , , , , , ,78, , , , , , , 
1781.486, , , , , , ,0, , , , , , , , , 
1781.718, , ,90, , , , , , , , , , , , , 
1781.826, , , ,73, , , , , , , , , , , , 
1782.178, , , , , , , , ,77, , , , , , , 
1782.73, , , , , , , , , , , ,24, , , , 
1783.206, , , , , , ,1, , , , , , , , , 
1783.318, , , ,74, , , , , , , , , , , , 
1783.81, , , , , , , ,18, , , , , , , , 
1784.412, , , , , , , , , , , , , , ,63, 
1784.568, , , , , , , , , , , , , , , ,15
1784.874, , , , , , ,0, , , , , , , , , 
1785.102, , , ,76, , , , , , , , , , , , 
1785.93, ,81,90, , , , , , , , , , , , , 
1786.858, , , ,78, , , , , , , , , , , , 
1786.992, , , , , , , , , , , ,25, , , , 
1787.674, , ,91, , , , , , , , , , , , , 
1788.65, , , ,79, , , , , , , , , , , , 
1788.704, , , , ,31, , , , , , , , , , , 
1789.472, , ,92, , , , , , , , , , , , , 
1790.076, , , , , , , ,17, , , , , , , , 
1790.358, , , ,82, , , , , , , , , , , , 
1791.354, , , , , , ,1, , , , , , , , , 
1792.116, , , ,83, , , , , , , , , , , , 
1793.086, , , , , , ,0, , , , , , , , , 
1793.504, ,82, , , , , , , , , , , , , , 
1793.878, , , ,85, , , , , , , , , , , , 
1794.746, , , , , , , , , , , , , , , ,14
1794.862, , , , , , ,1, , , , , , , , , 
1795.244, ,81, , , , , , , , , , , , , , 
1795.582, , , ,87, , , , , , , , , , , , 
1796.388, , , , , , ,0,16, , , , , , , , 
1797.226, , , ,88, , , , , , , , , , , , 
1797.88, , ,93, , , , , , , , ,24, , , , 
1798.058, , , , , , ,1, , , , , , , , , 
1798.61, , , , ,30, , , , , , , , , , , 
1798.998, , , ,91, , , , , , , , , , , , 
1799.524, , , , , , , , , , , , , , ,64, 
1800.306, , , , , , , , ,76, , , , , , , 
1800.734, , , ,92, , , , , , , , , , , , 
1801.32, , , , , , , , , , , , , , ,63, 
1801.878, , , , , , ,0, , , , , , , , , 
1802.062, , , , , , , , ,77, , , , , , , 
1802.144, , , ,94, , , , , , , , , , , , 
1802.982, , , , , , , ,15, , , , , , , , 
1803.388, ,82, , , , , , , , , , , , , , 
1803.756, , , ,95, , , , , , , , , , , , 
1805.102, , , , , , , , , , , , , , , ,13
1805.478, , , ,98, , , , , , , , , , , , 
1807.08, , ,94, , , , , , , , , , , , , 
1807.13, , , ,99, , , , , , , , , , , , 
1808.12, ,81, , , , , , , , , , , , , , 
1808.714, , , , ,29, , , , , , , , , , , 
1809.24, , , , , , , , ,76, , , , , , , 
1809.798, , , , , , , ,14, , , , , , , , 
1810.71, , , ,100, , , , , , , , , , , , 
1813.398, ,82, , , , , , , , , , , , , , 
1813.612, , , , , , , , , , , ,23, , , , 
1815.396, , , , , , , , ,77, , ,24, , , , 
1816.032, , , , , , , , , , , , , , , ,12
1816.524, , , , , , , ,13, , , , , , , , 
1817.16, , , , , , , , ,76, , , , , , , 
1819.066, , , , , , , , , , , ,25, , , , 
1819.158, , , , ,28, , , , , , , , , , , 
1820.598, ,81, , , , , , , , , , , , , , 
1821.066, , , , , , , , , , , , , , ,62, 
1822.336, ,82, , , , , , , , , , , , , , 
1822.758, , , , , , , , , , , , , , ,63, 
1823.75, , , , , , , ,12, , , , , , , , 
1825.532, , , , , , , , , , , , , , , ,11
1827.154, , , , , , , , ,75, , , , , , , 
1827.318, , , , , , , , , , , , , , , ,10
1828.832, , , , , , , , ,76, , ,24, , , , 
1829.958, , , , ,27, , , , , , , , , , , 
1830.934, , , , , , , ,11, , , , , , , , 
1833.302, , , , , , ,1, , , , , , , , , 
1834.998, , , , , , ,0, , , , , , , , , 
1836.272, , , , , , , , ,75, , , , , , , 
1837.484, , ,94, , , , , , , , , , , , , 
1838.31, , , , , , , ,10, , , , , , , , 
1838.964, , , , , , , , , , , , , , , ,9
1839.582, , , , , , , , , , , , , , ,62, 
1841.092, , , , ,26, , , , , , , , , , , 
1843.31, ,83, , , , , , , , , , , , , , 
1845.078, ,82, , , , , , , , , , , , , , 
1845.35, , , , , , , , ,74, , , , , , , 
1845.798, , , , , , , ,9, , , , , , , , 
1849.274, , ,94, , , , , , , , , , , , , 
1850.414, , , , , , , , ,75, , , , , , , 
1851.134, , , , , , , , , , , , , , , ,8
1852.858, , , , ,25, , , , , , , , , , , 
1853.204, , ,94, , , , , , , , , , , , , 
1853.302, ,83, , , , , , , , , , , , , , 
1853.832, , , , , , , ,8, , , , , , , , 
1854.632, , , , , , , , ,74, , , , , , , 
1857.134, , ,94, , , , , , , , , , , , , 
1857.68, ,82, , , , , , , , , , , , , , 
1858.476, , , , , , , , , , , , , , ,61, 
1859.814, , , , , , ,1, , , , , , , , , 
1859.93, , , , , , , , , , , ,23, , , , 
1860.198, , , , , , , , , , , , , , ,62, 
1860.918, , ,95, , , , , , , , , , , , , 
1861.528, , , , , , ,0, , , , , , , , , 
1861.642, , , , , , , ,7, , , , , , , , 
1862.712, , ,94, , , , , , , , , , , , , 
1863.772, ,83, , , , , , , , , , , , , , 
1863.798, , , , , , , , , , , , , , , ,7
1863.93, , , , , , , , ,73, , , , , , , 
1864.434, , ,95, , , , , , , , , , , , , 
1864.878, , , , ,24, , , , , , , , , , , 
1867.764, , ,94, , , , , , , , , , , , , 
1869.926, , , , , , , ,6, , , , , , , , 
1870.234, ,82, , , , , , , , , , , , , , 
1871.208, , , , , , ,1, , , , , , , , , 
1871.374, , ,95, , , , , , , , , , , , , 
1872.648, , , , , , , , , , , ,24, , , , 
1872.98, , , , , , ,0, , , , , , , , , 
1873.158, , ,94, , , , , , , , , , , , , 
1873.368, , , , , , , , ,72, , , , , , , 
1874.284, ,83, , , , , , , , , , , , , , 
1874.352, , , , , , , , , , , ,23, , , , 
1874.816, , ,95, , , , , , , , , , , , , 
1876.968, , , , , , , , , , , , , , , ,6
1877.208, , , , , , , , , , , , , , ,61, 
1877.478, , , , ,23, , , , , , , , , , , 
1878.464, , ,94, , , , ,5, , , , , , , , 
1880.132, , ,95, , , , , , , , , , , , , 
1882.728, ,82, , , , , , ,71, , , , , , , 
1883.678, , ,94, , , , , , , , , , , , , 
1884.518, ,83, , , , , , , , , , , , , , 
1885.44, , ,95, , , , , , , , , , , , , 
1886.512, , , , , , , , ,72, , , , , , , 
1887.056, , , , , , , ,4, , , , , , , , 
1888.998, , ,94, , , , , , , , , , , , , 
1890.71, , , , ,22, , , , , , , , , , ,5
1890.79, , ,95, , , , , , , , , , , , , 
1892.112, , , , , , , , , , , ,22, , , , 
1892.504, , ,94, , , , , ,71, , , , , , , 
1893.864, , , , , , , , , , , ,23, , , , 
1893.972, , , , , , ,1, , , , , , , , , 
1894.278, , ,95, , , , , , , , , , , , , 
1895.712, , , , , , ,0, , , , , , , , , 
1895.97, , , , , , , ,3, , , , , , , , 
1896.214, , , , , , , , , , , , , , ,60, 
1897.406,55, , , , , , , , , , , , , , , 
1898.158, , ,95, , , , , , , , , , , , , 
1901.27,55, , , , , , , , , , ,24, , , , 
1902.192, , , , , , , , ,70, , , , , , , 
1904.358, , , , ,21, , , , , , , , , , , 
1905.134,55, , , , , , , , , , , , , , , 
1905.414, , , , , , , ,2, , , , , , , , 
1905.628, , , , , , , , , , , , , , , ,4
1907.91, , , , , , , , , , , ,23, , , , 
1908.438, ,82, , , , , , , , , , , , , , 
1909.1, , , , , , ,1, , , , , , , , , 
1910.844, , , , , , ,0, , , , , , , , , 
1912.038, , , , , , , , ,69, , , , , , , 
1912.428, , ,95, , , , , , , , , , , , , 
1914.774, , , , , , , ,1, , , , , , , , 
1915.788, , , , , , , , , , , , , , ,59, 
1916.726,55, , , , , , , , , , , , , , , 
1917.394, ,83, , , , , , , , , , , , , , 
1918.926, , , , ,20, , , , , , , , , , , 
1920.462,56, , , , , ,0, , , , , , , , , 
1921.5, ,82, , , , , , , , , , , , , ,3
1921.852, , , , , , , , ,68, , , , , , , 
1922.246,55, , , , , , , , , , , , , , , 
1923.992,56, , , , , , , , , , , , , , , 
1924.28, , , , , , ,1, , , , ,22, , , , 
1924.67, , , , , , , ,0, , , , , , , , 
1925.746,55, , , , , , , , , , , , , , , 
1925.976, , , , , , ,0, , , , , , , , , 
1927.424,56, , , , , ,1, , , , , , , , , 
1928.378, ,83, , , , , , , , , , , , , , 
1929.184,55, , , , , ,0, , , , , , , , , 
1929.84, , , , , , , , , , , ,23, , , , 
1930.982,56, , , , , ,1, , , , , , , , , 
1932.024, , , , , , , , ,67, , , , , , , 
1932.764,55, , , , , , , , , , , , , , , 
1934.088, , , , ,19, , , , , , , , , , , 
1934.488,56, , , , , , , , , , , , , , , 
1934.646, ,82, , , , ,1, , , , , , , , , 
1935.544, , , , , , , , , , , , , , ,58, 
1936.122,55, , , , , , , , , , , , , , , 
1936.336, , , , , , ,0, , , , , , , , , 
1938.064, , , , , , ,1, , , , , , , , ,2
1939.686,56, , , , , , , , , , , , , , , 
1939.822, ,83, , , , , , , , , , , , , , 
1940.838, , , , , , , , , , , ,22, , , , 
1941.414,55, , , , , , , , , , , , , , , 
1942.284, , , , , , , , ,66, , , , , , , 
1942.998,56, , , , , , , , , , , , , , , 
1944.704,55, , , , , , , , , , , , , , , 
1946.214,56, , , , , , , , , , , , , , , 
1947.862,55,82, , , , , , , , , , , , , , 
1948.4, , , , , , ,0, , , , , , , , , 
1949.538,56,83, , , , , , , , , , , , , , 
1950.014, , , , ,18, , , , , , , , , , , 
1950.198, , , , , , ,1, , , , , , , , , 
1952.764, , , , , , , , ,65, , , , , , , 
1955.52, , , , , , , , , , , , , , ,57,1
1955.958, , , , , , ,0, , , , , , , , , 
1957.688, , , , , , ,1, , , , , , , , , 
1959.75, , , , , , , , , , ,4, , , , , 
1963.246, , , , , , , , ,64, , , , , , , 
1963.466, , , , , , ,0, , , , , , , , , 
1964.642,56, , , , , , , , , , , , , , , 
1965.128, , , , , , ,1, , , , , , , , , 
1966.882, , , , ,17, , , , , , , , , , , 
1970.566, , , , , , , , , , , ,23, , , , 
1971.104, , , , , , ,0, , , , , , , , , 
1972.816, , , , , , ,1, , , , , , , , , 
1973.958, , , , , , , , ,63, , , , , , ,0
1974.374, , , , , , , , , , , ,22, , , , 
1976.048, , , , , , , , , , , , , , ,56, 
1978.55, , , , , , ,0, , , , , , , , , 
1980.274, , , , , , ,1, , , , , , , , , 
1984.344, , , , ,16, , , , , , , , , , , 
1985.084, , , , , , , , ,62, , , , , , , 
1985.978, , , , , , ,0, , , , , , , , , 
1987.104, ,83, , , , , , , , , , , , , , 
1987.65, , , , , , ,1, , , , , , , , , 
1991.436, , , , , , ,1, , , , , , , , , 
1991.568, , , , , , , , , , , ,21, , , , 
1993.08, , , , , , ,0, , , , ,22, , , , 
1994.838, , , , , , ,1, , , , , , , , , 
1996.198, , , , , , , , ,61, , , , , , , 
1996.616, , , , , , , , , , , , , , ,55, 
1999.008, , , , , , ,1, , , , , , , , , 
1999.496, ,84, , , , , , , , , , , , , , 
2000.6, , , , , , ,0, , , , , , , , , 
